Sample_Num,Sample_ID,Cell Line,Cell Line ID#,Cell Line.1,Variant,Nutlin,v1,PCR1_primers,PCR2 barcodes,index1,index2,bc1,bc2,PCR1_F,PCR1_R,amplicon_WT,amplicon_WT_rc,amplicon_CorrectEdit,amplicon_CorrectEdit_rc,wt_qwc,edit_qwc,protospacer,peg_id
1,D23-11149,A549-PEmax-Y220C-v1,5,A549,Y220C,False,True,6F/6R,1F/1R,1F,1R,CGGTTCAA,ATCAGATT,6F,6R,GATTCCTCACTGATTGCTCTTAGGTCTGGCCCCTCCTCAGCATCTTATCCGAGTGGAAGGAAATTTGCGTGTGGAGTATTTGGATGACAGAAACACTTTTCGACATAGTGTGGTGGTGCCCTATGAGCCGCCTGAGGTCTGGTTTGCAACTGGG,CCCAGTTGCAAACCAGACCTCAGGCGGCTCATAGGGCACCACCACACTATGTCGAAAAGTGTTTCTGTCATCCAAATACTCCACACGCAAATTTCCTTCCACTCGGATAAGATGCTGAGGAGGGGCCAGACCTAAGAGCAATCAGTGAGGAATC,GATTCCTCACTGATTGCTCTTAGGTCTGGCCCCTCCTCAGCATCTTATCCGAGTGGAAGGAAATTTGCGTGTGGAGTATTTGGATGACAGAAACACTTTTCGACATAGTGTGGTGGTGCCCTGTGAGCCGCCTGAGGTCTGGTTTGCAACTGGG,CCCAGTTGCAAACCAGACCTCAGGCGGCTCACAGGGCACCACCACACTATGTCGAAAAGTGTTTCTGTCATCCAAATACTCCACACGCAAATTTCCTTCCACTCGGATAAGATGCTGAGGAGGGGCCAGACCTAAGAGCAATCAGTGAGGAATC,4-150,4-150,CACTTTTCGACATAGTGTGG,peg_178
2,D23-11150,A549-PEmax-Y220C,5,A549,Y220C,False,False,6F/6R,2F/2R,2F,2R,GCTGGATT,TAGTGATT,6F,6R,GATTCCTCACTGATTGCTCTTAGGTCTGGCCCCTCCTCAGCATCTTATCCGAGTGGAAGGAAATTTGCGTGTGGAGTATTTGGATGACAGAAACACTTTTCGACATAGTGTGGTGGTGCCCTATGAGCCGCCTGAGGTCTGGTTTGCAACTGGG,CCCAGTTGCAAACCAGACCTCAGGCGGCTCATAGGGCACCACCACACTATGTCGAAAAGTGTTTCTGTCATCCAAATACTCCACACGCAAATTTCCTTCCACTCGGATAAGATGCTGAGGAGGGGCCAGACCTAAGAGCAATCAGTGAGGAATC,GATTCCTCACTGATTGCTCTTAGGTCTGGCCCCTCCTCAGCATCTTATCCGAGTGGAAGGAAATTTGCGTGTGGAGTATTTGGATGACAGAAACACTTTTCGACATAGTGTGGTGGTGCCCTGTGAGCCGCCTGAGGTCTGGTTTGCAACTGGG,CCCAGTTGCAAACCAGACCTCAGGCGGCTCACAGGGCACCACCACACTATGTCGAAAAGTGTTTCTGTCATCCAAATACTCCACACGCAAATTTCCTTCCACTCGGATAAGATGCTGAGGAGGGGCCAGACCTAAGAGCAATCAGTGAGGAATC,4-150,4-150,CACTTTTCGACATAGTGTGG,peg_178
3,D23-11151,A549-PEmax-Y220C+,5,A549,Y220C,True,False,6F/6R,3F/3R,3F,3R,TAACTCGG,CGGTTCGG,6F,6R,GATTCCTCACTGATTGCTCTTAGGTCTGGCCCCTCCTCAGCATCTTATCCGAGTGGAAGGAAATTTGCGTGTGGAGTATTTGGATGACAGAAACACTTTTCGACATAGTGTGGTGGTGCCCTATGAGCCGCCTGAGGTCTGGTTTGCAACTGGG,CCCAGTTGCAAACCAGACCTCAGGCGGCTCATAGGGCACCACCACACTATGTCGAAAAGTGTTTCTGTCATCCAAATACTCCACACGCAAATTTCCTTCCACTCGGATAAGATGCTGAGGAGGGGCCAGACCTAAGAGCAATCAGTGAGGAATC,GATTCCTCACTGATTGCTCTTAGGTCTGGCCCCTCCTCAGCATCTTATCCGAGTGGAAGGAAATTTGCGTGTGGAGTATTTGGATGACAGAAACACTTTTCGACATAGTGTGGTGGTGCCCTGTGAGCCGCCTGAGGTCTGGTTTGCAACTGGG,CCCAGTTGCAAACCAGACCTCAGGCGGCTCACAGGGCACCACCACACTATGTCGAAAAGTGTTTCTGTCATCCAAATACTCCACACGCAAATTTCCTTCCACTCGGATAAGATGCTGAGGAGGGGCCAGACCTAAGAGCAATCAGTGAGGAATC,4-150,4-150,CACTTTTCGACATAGTGTGG,peg_178
4,D23-11152,A549-PEmax-H179R-v1,8,A549,H179R,False,True,5AF/5AR,4F/4R,4F,4R,TAACAGTT,TATGGACC,5AF,5AR,GCAGCTGTGGGTTGATTCCACACCCCCGCCCGGCACCCGCGTCCGCGCCATGGCCATCTACAAGCAGTCACAGCACATGACGGAGGTTGTGAGGCGCTGCCCCCACCATGAGCGCTGCTCAGATAGCGATGGTGAGCAGCT,AGCTGCTCACCATCGCTATCTGAGCAGCGCTCATGGTGGGGGCAGCGCCTCACAACCTCCGTCATGTGCTGTGACTGCTTGTAGATGGCCATGGCGCGGACGCGGGTGCCGGGCGGGGGTGTGGAATCAACCCACAGCTGC,GCAGCTGTGGGTTGATTCCACACCCCCGCCCGGCACCCGCGTCCGCGCCATGGCCATCTACAAGCAGTCACAGCACATGACGGAGGTTGTGAGGCGCTGCCCCCACCGTGAGCGCTGCTCAGATAGCGATGGTGAGCAGCT,AGCTGCTCACCATCGCTATCTGAGCAGCGCTCACGGTGGGGGCAGCGCCTCACAACCTCCGTCATGTGCTGTGACTGCTTGTAGATGGCCATGGCGCGGACGCGGGTGCCGGGCGGGGGTGTGGAATCAACCCACAGCTGC,4-137,4-137,AGCACATGACGGAGGTTGTG,peg_465
5,D23-11153,A549-PEmax-I195T-v1,9,A549,I195T,False,True,6F/6R,5F/5R,5F,5R,ATACTCAA,GCCAAGTT,6F,6R,GATTCCTCACTGATTGCTCTTAGGTCTGGCCCCTCCTCAGCATCTTATCCGAGTGGAAGGAAATTTGCGTGTGGAGTATTTGGATGACAGAAACACTTTTCGACATAGTGTGGTGGTGCCCTATGAGCCGCCTGAGGTCTGGTTTGCAACTGGG,CCCAGTTGCAAACCAGACCTCAGGCGGCTCATAGGGCACCACCACACTATGTCGAAAAGTGTTTCTGTCATCCAAATACTCCACACGCAAATTTCCTTCCACTCGGATAAGATGCTGAGGAGGGGCCAGACCTAAGAGCAATCAGTGAGGAATC,GATTCCTCACTGATTGCTCTTAGGTCTGGCCCCTCCTCAGCATCTTACCCGAGTGGAAGGAAATTTGCGTGTGGAGTATTTGGATGACAGAAACACTTTTCGACATAGTGTGGTGGTGCCCTATGAGCCGCCTGAGGTCTGGTTTGCAACTGGG,CCCAGTTGCAAACCAGACCTCAGGCGGCTCATAGGGCACCACCACACTATGTCGAAAAGTGTTTCTGTCATCCAAATACTCCACACGCAAATTTCCTTCCACTCGGGTAAGATGCTGAGGAGGGGCCAGACCTAAGAGCAATCAGTGAGGAATC,4-150,4-150,CACGCAAATTTCCTTCCACT,peg_683
6,D23-11154,A549-PEmax-I195T,9,A549,I195T,False,False,6F/6R,6F/6R,6F,6R,GCTGAGAA,CGCAGACC,6F,6R,GATTCCTCACTGATTGCTCTTAGGTCTGGCCCCTCCTCAGCATCTTATCCGAGTGGAAGGAAATTTGCGTGTGGAGTATTTGGATGACAGAAACACTTTTCGACATAGTGTGGTGGTGCCCTATGAGCCGCCTGAGGTCTGGTTTGCAACTGGG,CCCAGTTGCAAACCAGACCTCAGGCGGCTCATAGGGCACCACCACACTATGTCGAAAAGTGTTTCTGTCATCCAAATACTCCACACGCAAATTTCCTTCCACTCGGATAAGATGCTGAGGAGGGGCCAGACCTAAGAGCAATCAGTGAGGAATC,GATTCCTCACTGATTGCTCTTAGGTCTGGCCCCTCCTCAGCATCTTACCCGAGTGGAAGGAAATTTGCGTGTGGAGTATTTGGATGACAGAAACACTTTTCGACATAGTGTGGTGGTGCCCTATGAGCCGCCTGAGGTCTGGTTTGCAACTGGG,CCCAGTTGCAAACCAGACCTCAGGCGGCTCATAGGGCACCACCACACTATGTCGAAAAGTGTTTCTGTCATCCAAATACTCCACACGCAAATTTCCTTCCACTCGGGTAAGATGCTGAGGAGGGGCCAGACCTAAGAGCAATCAGTGAGGAATC,4-150,4-150,CACGCAAATTTCCTTCCACT,peg_683
7,D23-11155,A549-PEmax-I195T+,9,A549,I195T,True,False,6F/6R,7F/7R,7F,7R,ATTGGAGG,CGACCTCC,6F,6R,GATTCCTCACTGATTGCTCTTAGGTCTGGCCCCTCCTCAGCATCTTATCCGAGTGGAAGGAAATTTGCGTGTGGAGTATTTGGATGACAGAAACACTTTTCGACATAGTGTGGTGGTGCCCTATGAGCCGCCTGAGGTCTGGTTTGCAACTGGG,CCCAGTTGCAAACCAGACCTCAGGCGGCTCATAGGGCACCACCACACTATGTCGAAAAGTGTTTCTGTCATCCAAATACTCCACACGCAAATTTCCTTCCACTCGGATAAGATGCTGAGGAGGGGCCAGACCTAAGAGCAATCAGTGAGGAATC,GATTCCTCACTGATTGCTCTTAGGTCTGGCCCCTCCTCAGCATCTTACCCGAGTGGAAGGAAATTTGCGTGTGGAGTATTTGGATGACAGAAACACTTTTCGACATAGTGTGGTGGTGCCCTATGAGCCGCCTGAGGTCTGGTTTGCAACTGGG,CCCAGTTGCAAACCAGACCTCAGGCGGCTCATAGGGCACCACCACACTATGTCGAAAAGTGTTTCTGTCATCCAAATACTCCACACGCAAATTTCCTTCCACTCGGGTAAGATGCTGAGGAGGGGCCAGACCTAAGAGCAATCAGTGAGGAATC,4-150,4-150,CACGCAAATTTCCTTCCACT,peg_683
8,D23-11156,A549-PEmax-C135Y-v1,10,A549,C135Y,False,True,5BF/5BR,8F/8R,8F,8R,TAGTCTAA,GCCACTGG,5BF,5BR,GTGCCCTGACTTTCAACTCTGTCTCCTTCCTCTTCCTACAGTACTCCCCTGCCCTCAACAAGATGTTTTGCCAACTGGCCAAGACCTGCCCTGTGCAGCTGTGGGTTGATTCCACA,TGTGGAATCAACCCACAGCTGCACAGGGCAGGTCTTGGCCAGTTGGCAAAACATCTTGTTGAGGGCAGGGGAGTACTGTAGGAAGAGGAAGGAGACAGAGTTGAAAGTCAGGGCAC,GTGCCCTGACTTTCAACTCTGTCTCCTTCCTCTTCCTACAGTACTCCCCTGCCCTCAACAAGATGTTTTACCAACTGGCCAAGACCTGCCCTGTGCAGCTGTGGGTTGATTCCACA,TGTGGAATCAACCCACAGCTGCACAGGGCAGGTCTTGGCCAGTTGGTAAAACATCTTGTTGAGGGCAGGGGAGTACTGTAGGAAGAGGAAGGAGACAGAGTTGAAAGTCAGGGCAC,4-112,4-112,CAGGGCAGGTCTTGGCCAGT,peg_885
9,D23-11157,A549-PEmax-R273P,12,A549,R273P,False,False,8F/8R,9F/9R,9F,9R,CGGTGACC,GCGTAGTT,8F,8R,GGACGGAACAGCTTTGAGGTGCGTGTTTGTGCCTGTCCTGGGAGAGACCGGCGCACAGAGGAAGAGAATCTCCGCAAGAAAGGGGAGCCTCACCACGAGCTGCCCCCAGGGAGCACTAAGCGAGGTAAGCA,TGCTTACCTCGCTTAGTGCTCCCTGGGGGCAGCTCGTGGTGAGGCTCCCCTTTCTTGCGGAGATTCTCTTCCTCTGTGCGCCGGTCTCTCCCAGGACAGGCACAAACACGCACCTCAAAGCTGTTCCGTCC,GGACGGAACAGCTTTGAGGTGCCTGTTTGTGCCTGTCCTGGGAGAGACCGGCGCACAGAGGAAGAGAATCTCCGCAAGAAAGGGGAGCCTCACCACGAGCTGCCCCCAGGGAGCACTAAGCGAGGTAAGCA,TGCTTACCTCGCTTAGTGCTCCCTGGGGGCAGCTCGTGGTGAGGCTCCCCTTTCTTGCGGAGATTCTCTTCCTCTGTGCGCCGGTCTCTCCCAGGACAGGCACAAACAGGCACCTCAAAGCTGTTCCGTCC,4-127,4-127,ACTGGGACGGAACAGCTTTG,peg_4127
10,D23-11158,A549-PEmax-R248G,13,A549,R248G,False,False,7F/7R,10F/10R,10F,10R,TACAGAGG,CGCAAGTT,7F,7R,GGCTCTGACTGTACCACCATCCACTACAACTACATGTGTAACAGTTCCTGCATGGGCGGCATGAACCGGAGGCCCATCCTCACCATCATCACACTGGAAGACTCCAGGTCAGGAGCCACTTGCCAC,GTGGCAAGTGGCTCCTGACCTGGAGTCTTCCAGTGTGATGATGGTGAGGATGGGCCTCCGGTTCATGCCGCCCATGCAGGAACTGTTACACATGTAGTTGTAGTGGATGGTGGTACAGTCAGAGCC,GGCTCTGACTGTACCACCATCCACTACAACTACATGTGTAACAGTTCCTGCATGGGCGGCATGAACGGGAGGCCCATCCTCACCATCATCACACTGGAAGACTCCAGGTCAGGAGCCACTTGCCAC,GTGGCAAGTGGCTCCTGACCTGGAGTCTTCCAGTGTGATGATGGTGAGGATGGGCCTCCCGTTCATGCCGCCCATGCAGGAACTGTTACACATGTAGTTGTAGTGGATGGTGGTACAGTCAGAGCC,4-122,4-122,GCATGGGCGGCATGAACCGG,peg_4583
11,D23-11159,A549-PEmax-R248G+,13,A549,R248G,True,False,7F/7R,11F/11R,11F,11R,ATTGTCAA,CGACAGTT,7F,7R,GGCTCTGACTGTACCACCATCCACTACAACTACATGTGTAACAGTTCCTGCATGGGCGGCATGAACCGGAGGCCCATCCTCACCATCATCACACTGGAAGACTCCAGGTCAGGAGCCACTTGCCAC,GTGGCAAGTGGCTCCTGACCTGGAGTCTTCCAGTGTGATGATGGTGAGGATGGGCCTCCGGTTCATGCCGCCCATGCAGGAACTGTTACACATGTAGTTGTAGTGGATGGTGGTACAGTCAGAGCC,GGCTCTGACTGTACCACCATCCACTACAACTACATGTGTAACAGTTCCTGCATGGGCGGCATGAACGGGAGGCCCATCCTCACCATCATCACACTGGAAGACTCCAGGTCAGGAGCCACTTGCCAC,GTGGCAAGTGGCTCCTGACCTGGAGTCTTCCAGTGTGATGATGGTGAGGATGGGCCTCCCGTTCATGCCGCCCATGCAGGAACTGTTACACATGTAGTTGTAGTGGATGGTGGTACAGTCAGAGCC,4-122,4-122,GCATGGGCGGCATGAACCGG,peg_4583
12,D23-11160,A549-PEmax-R248P,14,A549,R248P,False,False,7F/7R,12F/12R,12F,12R,TATGTCTT,TAGTAGCC,7F,7R,GGCTCTGACTGTACCACCATCCACTACAACTACATGTGTAACAGTTCCTGCATGGGCGGCATGAACCGGAGGCCCATCCTCACCATCATCACACTGGAAGACTCCAGGTCAGGAGCCACTTGCCAC,GTGGCAAGTGGCTCCTGACCTGGAGTCTTCCAGTGTGATGATGGTGAGGATGGGCCTCCGGTTCATGCCGCCCATGCAGGAACTGTTACACATGTAGTTGTAGTGGATGGTGGTACAGTCAGAGCC,GGCTCTGACTGTACCACCATCCACTACAACTACATGTGTAACAGTTCCTGCATGGGCGGCATGAACCCGAGGCCCATCCTCACCATCATCACACTGGAAGACTCCAGGTCAGGAGCCACTTGCCAC,GTGGCAAGTGGCTCCTGACCTGGAGTCTTCCAGTGTGATGATGGTGAGGATGGGCCTCGGGTTCATGCCGCCCATGCAGGAACTGTTACACATGTAGTTGTAGTGGATGGTGGTACAGTCAGAGCC,4-122,4-122,GCATGGGCGGCATGAACCGG,peg_6764
13,D23-11161,A549-PEmax-R248P+,14,A549,R248P,True,False,7F/7R,13F/13R,13F,13R,ATTGGATT,CGTGTCAA,7F,7R,GGCTCTGACTGTACCACCATCCACTACAACTACATGTGTAACAGTTCCTGCATGGGCGGCATGAACCGGAGGCCCATCCTCACCATCATCACACTGGAAGACTCCAGGTCAGGAGCCACTTGCCAC,GTGGCAAGTGGCTCCTGACCTGGAGTCTTCCAGTGTGATGATGGTGAGGATGGGCCTCCGGTTCATGCCGCCCATGCAGGAACTGTTACACATGTAGTTGTAGTGGATGGTGGTACAGTCAGAGCC,GGCTCTGACTGTACCACCATCCACTACAACTACATGTGTAACAGTTCCTGCATGGGCGGCATGAACCCGAGGCCCATCCTCACCATCATCACACTGGAAGACTCCAGGTCAGGAGCCACTTGCCAC,GTGGCAAGTGGCTCCTGACCTGGAGTCTTCCAGTGTGATGATGGTGAGGATGGGCCTCGGGTTCATGCCGCCCATGCAGGAACTGTTACACATGTAGTTGTAGTGGATGGTGGTACAGTCAGAGCC,4-122,4-122,GCATGGGCGGCATGAACCGG,peg_6764
14,D23-11162,A549-PEmax-R196P-v1,16,A549,R196P,False,True,6F/6R,14F/14R,14F,14R,ATACTCGG,GCGTTCTT,6F,6R,GATTCCTCACTGATTGCTCTTAGGTCTGGCCCCTCCTCAGCATCTTATCCGAGTGGAAGGAAATTTGCGTGTGGAGTATTTGGATGACAGAAACACTTTTCGACATAGTGTGGTGGTGCCCTATGAGCCGCCTGAGGTCTGGTTTGCAACTGGG,CCCAGTTGCAAACCAGACCTCAGGCGGCTCATAGGGCACCACCACACTATGTCGAAAAGTGTTTCTGTCATCCAAATACTCCACACGCAAATTTCCTTCCACTCGGATAAGATGCTGAGGAGGGGCCAGACCTAAGAGCAATCAGTGAGGAATC,GATTCCTCACTGATTGCTCTTAGGTCTGGCCCCTCCTCAGCATCTTATCCCAGTGGAAGGAAATTTGCGTGTGGAGTATTTGGATGACAGAAACACTTTTCGACATAGTGTGGTGGTGCCCTATGAGCCGCCTGAGGTCTGGTTTGCAACTGGG,CCCAGTTGCAAACCAGACCTCAGGCGGCTCATAGGGCACCACCACACTATGTCGAAAAGTGTTTCTGTCATCCAAATACTCCACACGCAAATTTCCTTCCACTGGGATAAGATGCTGAGGAGGGGCCAGACCTAAGAGCAATCAGTGAGGAATC,4-150,4-150,TCCTCAGCATCTTATCCGAG,peg_8247
15,D23-11163,A549-PEmax-R196P,16,A549,R196P,False,False,6F/6R,15F/15R,15F,15R,TATGAGAA,GCCAAGCC,6F,6R,GATTCCTCACTGATTGCTCTTAGGTCTGGCCCCTCCTCAGCATCTTATCCGAGTGGAAGGAAATTTGCGTGTGGAGTATTTGGATGACAGAAACACTTTTCGACATAGTGTGGTGGTGCCCTATGAGCCGCCTGAGGTCTGGTTTGCAACTGGG,CCCAGTTGCAAACCAGACCTCAGGCGGCTCATAGGGCACCACCACACTATGTCGAAAAGTGTTTCTGTCATCCAAATACTCCACACGCAAATTTCCTTCCACTCGGATAAGATGCTGAGGAGGGGCCAGACCTAAGAGCAATCAGTGAGGAATC,GATTCCTCACTGATTGCTCTTAGGTCTGGCCCCTCCTCAGCATCTTATCCCAGTGGAAGGAAATTTGCGTGTGGAGTATTTGGATGACAGAAACACTTTTCGACATAGTGTGGTGGTGCCCTATGAGCCGCCTGAGGTCTGGTTTGCAACTGGG,CCCAGTTGCAAACCAGACCTCAGGCGGCTCATAGGGCACCACCACACTATGTCGAAAAGTGTTTCTGTCATCCAAATACTCCACACGCAAATTTCCTTCCACTGGGATAAGATGCTGAGGAGGGGCCAGACCTAAGAGCAATCAGTGAGGAATC,4-150,4-150,TCCTCAGCATCTTATCCGAG,peg_8247
16,D23-11164,A549-PEmax-R196P+,16,A549,R196P,True,False,6F/6R,16F/16R,16F,16R,TAACTCAA,GCACCTCC,6F,6R,GATTCCTCACTGATTGCTCTTAGGTCTGGCCCCTCCTCAGCATCTTATCCGAGTGGAAGGAAATTTGCGTGTGGAGTATTTGGATGACAGAAACACTTTTCGACATAGTGTGGTGGTGCCCTATGAGCCGCCTGAGGTCTGGTTTGCAACTGGG,CCCAGTTGCAAACCAGACCTCAGGCGGCTCATAGGGCACCACCACACTATGTCGAAAAGTGTTTCTGTCATCCAAATACTCCACACGCAAATTTCCTTCCACTCGGATAAGATGCTGAGGAGGGGCCAGACCTAAGAGCAATCAGTGAGGAATC,GATTCCTCACTGATTGCTCTTAGGTCTGGCCCCTCCTCAGCATCTTATCCCAGTGGAAGGAAATTTGCGTGTGGAGTATTTGGATGACAGAAACACTTTTCGACATAGTGTGGTGGTGCCCTATGAGCCGCCTGAGGTCTGGTTTGCAACTGGG,CCCAGTTGCAAACCAGACCTCAGGCGGCTCATAGGGCACCACCACACTATGTCGAAAAGTGTTTCTGTCATCCAAATACTCCACACGCAAATTTCCTTCCACTGGGATAAGATGCTGAGGAGGGGCCAGACCTAAGAGCAATCAGTGAGGAATC,4-150,4-150,TCCTCAGCATCTTATCCGAG,peg_8247
17,D23-11165,A549-PEmax-A347D,18,A549,A347D,False,False,10F/10R,1F/2R,1F,2R,CGGTTCAA,TAGTGATT,10F,10R,CCCTCCTCTGTTGCTGCAGATCCGTGGGCGTGAGCGCTTCGAGATGTTCCGAGAGCTGAATGAGGCCTTGGAACTCAAGGATGCCCAGGCTGGGAAGGAGCCAGGGGGGAGCAGGGCTCACTCCAGGT,ACCTGGAGTGAGCCCTGCTCCCCCCTGGCTCCTTCCCAGCCTGGGCATCCTTGAGTTCCAAGGCCTCATTCAGCTCTCGGAACATCTCGAAGCGCTCACGCCCACGGATCTGCAGCAACAGAGGAGGG,CCCTCCTCTGTTGCTGCAGATCCGTGGGCGTGAGCGCTTCGAGATGTTCCGAGAGCTGAATGAGGACTTGGAACTCAAGGATGCCCAGGCTGGGAAGGAGCCAGGGGGGAGCAGGGCTCACTCCAGGT,ACCTGGAGTGAGCCCTGCTCCCCCCTGGCTCCTTCCCAGCCTGGGCATCCTTGAGTTCCAAGTCCTCATTCAGCTCTCGGAACATCTCGAAGCGCTCACGCCCACGGATCTGCAGCAACAGAGGAGGG,4-124,4-124,CTGGGCATCCTTGAGTTCCA,peg_12022
18,D23-11166,A549-PEmax-A347P,19,A549,A347P,False,False,10F/10R,1F/3R,1F,3R,CGGTTCAA,CGGTTCGG,10F,10R,CCCTCCTCTGTTGCTGCAGATCCGTGGGCGTGAGCGCTTCGAGATGTTCCGAGAGCTGAATGAGGCCTTGGAACTCAAGGATGCCCAGGCTGGGAAGGAGCCAGGGGGGAGCAGGGCTCACTCCAGGT,ACCTGGAGTGAGCCCTGCTCCCCCCTGGCTCCTTCCCAGCCTGGGCATCCTTGAGTTCCAAGGCCTCATTCAGCTCTCGGAACATCTCGAAGCGCTCACGCCCACGGATCTGCAGCAACAGAGGAGGG,CCCTCCTCTGTTGCTGCAGATCCGTGGGCGTGAGCGCTTCGAGATGTTCCGAGAGCTGAATGAGCCCTTGGAACTCAAGGATGCCCAGGCTGGGAAGGAGCCAGGGGGGAGCAGGGCTCACTCCAGGT,ACCTGGAGTGAGCCCTGCTCCCCCCTGGCTCCTTCCCAGCCTGGGCATCCTTGAGTTCCAAGGGCTCATTCAGCTCTCGGAACATCTCGAAGCGCTCACGCCCACGGATCTGCAGCAACAGAGGAGGG,4-124,4-124,GATGTTCCGAGAGCTGAATG,peg_12868
19,D23-11167,A549-PEmax-A347P+,19,A549,A347P,True,False,10F/10R,1F/4R,1F,4R,CGGTTCAA,TATGGACC,10F,10R,CCCTCCTCTGTTGCTGCAGATCCGTGGGCGTGAGCGCTTCGAGATGTTCCGAGAGCTGAATGAGGCCTTGGAACTCAAGGATGCCCAGGCTGGGAAGGAGCCAGGGGGGAGCAGGGCTCACTCCAGGT,ACCTGGAGTGAGCCCTGCTCCCCCCTGGCTCCTTCCCAGCCTGGGCATCCTTGAGTTCCAAGGCCTCATTCAGCTCTCGGAACATCTCGAAGCGCTCACGCCCACGGATCTGCAGCAACAGAGGAGGG,CCCTCCTCTGTTGCTGCAGATCCGTGGGCGTGAGCGCTTCGAGATGTTCCGAGAGCTGAATGAGCCCTTGGAACTCAAGGATGCCCAGGCTGGGAAGGAGCCAGGGGGGAGCAGGGCTCACTCCAGGT,ACCTGGAGTGAGCCCTGCTCCCCCCTGGCTCCTTCCCAGCCTGGGCATCCTTGAGTTCCAAGGGCTCATTCAGCTCTCGGAACATCTCGAAGCGCTCACGCCCACGGATCTGCAGCAACAGAGGAGGG,4-124,4-124,GATGTTCCGAGAGCTGAATG,peg_12868
20,D23-11168,A549-PEmax-M40V,21,A549,M40V,False,False,4BF/4BR,1F/5R,1F,5R,CGGTTCAA,GCCAAGTT,4BF,4BR,CTGCTCTTTTCACCCATCTACAGTCCCCCTTGCCGTCCCAAGCAATGGATGATTTGATGCTGTCCCCGGACGATATTGAACAATGGTTCACTGAAGACCCAGGTCCAGATGAAGCTCCCAGAATGCCAGAGGCTGCT,AGCAGCCTCTGGCATTCTGGGAGCTTCATCTGGACCTGGGTCTTCAGTGAACCATTGTTCAATATCGTCCGGGGACAGCATCAAATCATCCATTGCTTGGGACGGCAAGGGGGACTGTAGATGGGTGAAAAGAGCAG,CTGCTCTTTTCACCCATCTACAGTCCCCCTTGCCGTCCCAAGCAGTGGATGATTTGATGCTGTCCCCGGACGATATTGAACAATGGTTCACTGAAGACCCAGGTCCAGATGAAGCTCCCAGAATGCCAGAGGCTGCT,AGCAGCCTCTGGCATTCTGGGAGCTTCATCTGGACCTGGGTCTTCAGTGAACCATTGTTCAATATCGTCCGGGGACAGCATCAAATCATCCACTGCTTGGGACGGCAAGGGGGACTGTAGATGGGTGAAAAGAGCAG,4-133,4-133,CCCCTTGCCGTCCCAAGCAA,peg_16602
21,D23-11169,A549-PEmax-G325A,22,A549,G325A,False,False,9F/9R,1F/6R,1F,6R,CGGTTCAA,CGCAGACC,9F,9R,TCCTTGCCTCTTTCCTAGCACTGCCCAACAACACCAGCTCCTCTCCCCAGCCAAAGAAGAAACCACTGGATGGAGAATATTTCACCCTTCAGGTACTAAGTCTTGGGACCTCTTATCAAGTGGAAAGTTT,AAACTTTCCACTTGATAAGAGGTCCCAAGACTTAGTACCTGAAGGGTGAAATATTCTCCATCCAGTGGTTTCTTCTTTGGCTGGGGAGAGGAGCTGGTGTTGTTGGGCAGTGCTAGGAAAGAGGCAAGGA,TCCTTGCCTCTTTCCTAGCACTGCCCAACAACACCAGCTCCTCTCCCCAGCCAAAGAAGAAACCACTGGATGCAGAATATTTCACCCTTCAGGTACTAAGTCTTGGGACCTCTTATCAAGTGGAAAGTTT,AAACTTTCCACTTGATAAGAGGTCCCAAGACTTAGTACCTGAAGGGTGAAATATTCTGCATCCAGTGGTTTCTTCTTTGGCTGGGGAGAGGAGCTGGTGTTGTTGGGCAGTGCTAGGAAAGAGGCAAGGA,4-126,4-126,CCAAAGAAGAAACCACTGGA,peg_18555
22,D23-11170,A549-PEmax-P82LfsTer69,23,A549,P82LfsTer69,False,False,4AF/4AR,1F/7R,1F,7R,CGGTTCAA,CGACCTCC,4AF,4AR,CAGAATGCCAGAGGCTGCTCCCCCCGTGGCCCCTGCACCAGCAGCTCCTACACCGGCGGCCCCTGCACCAGCCCCCTCCTGGCCCCTGTCATCTTCTGTCCCTTCCCAGAAAACCTACCAGGGCAGCTACGGTTTCCGTCTGGGCTTCTTG,CAAGAAGCCCAGACGGAAACCGTAGCTGCCCTGGTAGGTTTTCTGGGAAGGGACAGAAGATGACAGGGGCCAGGAGGGGGCTGGTGCAGGGGCCGCCGGTGTAGGAGCTGCTGGTGCAGGGGCCACGGGGGGAGCAGCCTCTGGCATTCTG,CAGAATGCCAGAGGCTGCTCCCCCCGTGGCCCCTGCACCAGCAGCTCCTACGCTCCTAACCGGCGGCCCCTGCACCAGCCCCCTCCTGGCCCCTGTCATCTTCTGTCCCTTCCCAGAAAACCTACCAGGGCAGCTACGGTTTCCGTCTGGGCTTCTTG,CAAGAAGCCCAGACGGAAACCGTAGCTGCCCTGGTAGGTTTTCTGGGAAGGGACAGAAGATGACAGGGGCCAGGAGGGGGCTGGTGCAGGGGCCGCCGGTTAGGAGCGTAGGAGCTGCTGGTGCAGGGGCCACGGGGGGAGCAGCCTCTGGCATTCTG,4-147,4-154,TGCACCAGCAGCTCCTACAC,peg_21343
23,D23-11171,A549-PEmax-P82LfsTer69+,23,A549,P82LfsTer69,True,False,4AF/4AR,1F/8R,1F,8R,CGGTTCAA,GCCACTGG,4AF,4AR,CAGAATGCCAGAGGCTGCTCCCCCCGTGGCCCCTGCACCAGCAGCTCCTACACCGGCGGCCCCTGCACCAGCCCCCTCCTGGCCCCTGTCATCTTCTGTCCCTTCCCAGAAAACCTACCAGGGCAGCTACGGTTTCCGTCTGGGCTTCTTG,CAAGAAGCCCAGACGGAAACCGTAGCTGCCCTGGTAGGTTTTCTGGGAAGGGACAGAAGATGACAGGGGCCAGGAGGGGGCTGGTGCAGGGGCCGCCGGTGTAGGAGCTGCTGGTGCAGGGGCCACGGGGGGAGCAGCCTCTGGCATTCTG,CAGAATGCCAGAGGCTGCTCCCCCCGTGGCCCCTGCACCAGCAGCTCCTACGCTCCTAACCGGCGGCCCCTGCACCAGCCCCCTCCTGGCCCCTGTCATCTTCTGTCCCTTCCCAGAAAACCTACCAGGGCAGCTACGGTTTCCGTCTGGGCTTCTTG,CAAGAAGCCCAGACGGAAACCGTAGCTGCCCTGGTAGGTTTTCTGGGAAGGGACAGAAGATGACAGGGGCCAGGAGGGGGCTGGTGCAGGGGCCGCCGGTTAGGAGCGTAGGAGCTGCTGGTGCAGGGGCCACGGGGGGAGCAGCCTCTGGCATTCTG,4-147,4-154,TGCACCAGCAGCTCCTACAC,peg_21343
24,D23-11172,A549-PEmax-I254_I255insH,25,A549,I254_I255insH,False,False,7F/7R,1F/9R,1F,9R,CGGTTCAA,GCGTAGTT,7F,7R,GGCTCTGACTGTACCACCATCCACTACAACTACATGTGTAACAGTTCCTGCATGGGCGGCATGAACCGGAGGCCCATCCTCACCATCATCACACTGGAAGACTCCAGGTCAGGAGCCACTTGCCAC,GTGGCAAGTGGCTCCTGACCTGGAGTCTTCCAGTGTGATGATGGTGAGGATGGGCCTCCGGTTCATGCCGCCCATGCAGGAACTGTTACACATGTAGTTGTAGTGGATGGTGGTACAGTCAGAGCC,GGCTCTGACTGTACCACCATCCACTACAACTACATGTGTAACAGTTCCTGCATGGGCGGCATGAACCGGAGGCCCATCCTCACCATCCACATCACACTGGAAGACTCCAGGTCAGGAGCCACTTGCCAC,GTGGCAAGTGGCTCCTGACCTGGAGTCTTCCAGTGTGATGTGGATGGTGAGGATGGGCCTCCGGTTCATGCCGCCCATGCAGGAACTGTTACACATGTAGTTGTAGTGGATGGTGGTACAGTCAGAGCC,4-122,4-125,GGAGTCTTCCAGTGTGATGA,peg_22204
25,D23-11173,A549-PEmax-I254_I255insH+,25,A549,I254_I255insH,True,False,7F/7R,1F/10R,1F,10R,CGGTTCAA,CGCAAGTT,7F,7R,GGCTCTGACTGTACCACCATCCACTACAACTACATGTGTAACAGTTCCTGCATGGGCGGCATGAACCGGAGGCCCATCCTCACCATCATCACACTGGAAGACTCCAGGTCAGGAGCCACTTGCCAC,GTGGCAAGTGGCTCCTGACCTGGAGTCTTCCAGTGTGATGATGGTGAGGATGGGCCTCCGGTTCATGCCGCCCATGCAGGAACTGTTACACATGTAGTTGTAGTGGATGGTGGTACAGTCAGAGCC,GGCTCTGACTGTACCACCATCCACTACAACTACATGTGTAACAGTTCCTGCATGGGCGGCATGAACCGGAGGCCCATCCTCACCATCCACATCACACTGGAAGACTCCAGGTCAGGAGCCACTTGCCAC,GTGGCAAGTGGCTCCTGACCTGGAGTCTTCCAGTGTGATGTGGATGGTGAGGATGGGCCTCCGGTTCATGCCGCCCATGCAGGAACTGTTACACATGTAGTTGTAGTGGATGGTGGTACAGTCAGAGCC,4-122,4-125,GGAGTCTTCCAGTGTGATGA,peg_22204
26,D23-11174,A549-PEmax-E258E,29,A549,E258E,False,False,7F/7R,1F/11R,1F,11R,CGGTTCAA,CGACAGTT,7F,7R,GGCTCTGACTGTACCACCATCCACTACAACTACATGTGTAACAGTTCCTGCATGGGCGGCATGAACCGGAGGCCCATCCTCACCATCATCACACTGGAAGACTCCAGGTCAGGAGCCACTTGCCAC,GTGGCAAGTGGCTCCTGACCTGGAGTCTTCCAGTGTGATGATGGTGAGGATGGGCCTCCGGTTCATGCCGCCCATGCAGGAACTGTTACACATGTAGTTGTAGTGGATGGTGGTACAGTCAGAGCC,GGCTCTGACTGTACCACCATCCACTACAACTACATGTGTAACAGTTCCTGCATGGGCGGCATGAACCGGAGGCCCATCCTCACCATCATCACACTGGAGGACTCCAGGTCAGGAGCCACTTGCCAC,GTGGCAAGTGGCTCCTGACCTGGAGTCCTCCAGTGTGATGATGGTGAGGATGGGCCTCCGGTTCATGCCGCCCATGCAGGAACTGTTACACATGTAGTTGTAGTGGATGGTGGTACAGTCAGAGCC,4-122,4-122,CATCCTCACCATCATCACAC,peg_27888
27,D23-11175,hTP53-loxp-SV40LTmS-loxp-PEmax-R175H,1,hTP53-loxp-SV40LTms-loxP,R175H,False,False,5AF/5AR,1F/12R,1F,12R,CGGTTCAA,TAGTAGCC,5AF,5AR,GCAGCTGTGGGTTGATTCCACACCCCCGCCCGGCACCCGCGTCCGCGCCATGGCCATCTACAAGCAGTCACAGCACATGACGGAGGTTGTGAGGCGCTGCCCCCACCATGAGCGCTGCTCAGATAGCGATGGTGAGCAGCT,AGCTGCTCACCATCGCTATCTGAGCAGCGCTCATGGTGGGGGCAGCGCCTCACAACCTCCGTCATGTGCTGTGACTGCTTGTAGATGGCCATGGCGCGGACGCGGGTGCCGGGCGGGGGTGTGGAATCAACCCACAGCTGC,GCAGCTGTGGGTTGATTCCACACCCCCGCCCGGCACCCGCGTCCGCGCCATGGCCATCTACAAGCAGTCACAGCACATGACGGAGGTTGTGAGGCACTGCCCCCACCATGAGCGCTGCTCAGATAGCGATGGTGAGCAGCT,AGCTGCTCACCATCGCTATCTGAGCAGCGCTCATGGTGGGGGCAGTGCCTCACAACCTCCGTCATGTGCTGTGACTGCTTGTAGATGGCCATGGCGCGGACGCGGGTGCCGGGCGGGGGTGTGGAATCAACCCACAGCTGC,4-137,4-137,AGCACATGACGGAGGTTGTG,peg_2
28,D23-11176,hTP53-loxp-SV40LTmS-loxp-PEmax-R248Q,2,hTP53-loxp-SV40LTms-loxP,R248Q,False,False,7F/7R,1F/13R,1F,13R,CGGTTCAA,CGTGTCAA,7F,7R,GGCTCTGACTGTACCACCATCCACTACAACTACATGTGTAACAGTTCCTGCATGGGCGGCATGAACCGGAGGCCCATCCTCACCATCATCACACTGGAAGACTCCAGGTCAGGAGCCACTTGCCAC,GTGGCAAGTGGCTCCTGACCTGGAGTCTTCCAGTGTGATGATGGTGAGGATGGGCCTCCGGTTCATGCCGCCCATGCAGGAACTGTTACACATGTAGTTGTAGTGGATGGTGGTACAGTCAGAGCC,GGCTCTGACTGTACCACCATCCACTACAACTACATGTGTAACAGTTCCTGCATGGGCGGCATGAACCAGAGGCCCATCCTCACCATCATCACACTGGAAGACTCCAGGTCAGGAGCCACTTGCCAC,GTGGCAAGTGGCTCCTGACCTGGAGTCTTCCAGTGTGATGATGGTGAGGATGGGCCTCTGGTTCATGCCGCCCATGCAGGAACTGTTACACATGTAGTTGTAGTGGATGGTGGTACAGTCAGAGCC,4-122,4-122,GCATGGGCGGCATGAACCGG,peg_31
29,D23-11177,hTP53-loxp-SV40LTmS-loxp-PEmax-R273C,3,hTP53-loxp-SV40LTms-loxP,R273C,False,False,8F/8R,1F/14R,1F,14R,CGGTTCAA,GCGTTCTT,8F,8R,GGACGGAACAGCTTTGAGGTGCGTGTTTGTGCCTGTCCTGGGAGAGACCGGCGCACAGAGGAAGAGAATCTCCGCAAGAAAGGGGAGCCTCACCACGAGCTGCCCCCAGGGAGCACTAAGCGAGGTAAGCA,TGCTTACCTCGCTTAGTGCTCCCTGGGGGCAGCTCGTGGTGAGGCTCCCCTTTCTTGCGGAGATTCTCTTCCTCTGTGCGCCGGTCTCTCCCAGGACAGGCACAAACACGCACCTCAAAGCTGTTCCGTCC,GGACGGAACAGCTTTGAGGTGTGTGTTTGTGCCTGTCCTGGGAGAGACCGGCGCACAGAGGAAGAGAATCTCCGCAAGAAAGGGGAGCCTCACCACGAGCTGCCCCCAGGGAGCACTAAGCGAGGTAAGCA,TGCTTACCTCGCTTAGTGCTCCCTGGGGGCAGCTCGTGGTGAGGCTCCCCTTTCTTGCGGAGATTCTCTTCCTCTGTGCGCCGGTCTCTCCCAGGACAGGCACAAACACACACCTCAAAGCTGTTCCGTCC,4-127,4-127,ACTGGGACGGAACAGCTTTG,peg_55
30,D23-11178,hTP53-loxp-SV40LTmS-loxp-PEmax-R248W,4,hTP53-loxp-SV40LTms-loxP,R248W,False,False,7F/7R,1F/15R,1F,15R,CGGTTCAA,GCCAAGCC,7F,7R,GGCTCTGACTGTACCACCATCCACTACAACTACATGTGTAACAGTTCCTGCATGGGCGGCATGAACCGGAGGCCCATCCTCACCATCATCACACTGGAAGACTCCAGGTCAGGAGCCACTTGCCAC,GTGGCAAGTGGCTCCTGACCTGGAGTCTTCCAGTGTGATGATGGTGAGGATGGGCCTCCGGTTCATGCCGCCCATGCAGGAACTGTTACACATGTAGTTGTAGTGGATGGTGGTACAGTCAGAGCC,GGCTCTGACTGTACCACCATCCACTACAACTACATGTGTAACAGTTCCTGCATGGGCGGCATGAACTGGAGGCCCATCCTCACCATCATCACACTGGAAGACTCCAGGTCAGGAGCCACTTGCCAC,GTGGCAAGTGGCTCCTGACCTGGAGTCTTCCAGTGTGATGATGGTGAGGATGGGCCTCCAGTTCATGCCGCCCATGCAGGAACTGTTACACATGTAGTTGTAGTGGATGGTGGTACAGTCAGAGCC,4-122,4-122,GCATGGGCGGCATGAACCGG,peg_138
31,D23-11179,hTP53-loxp-SV40LTmS-loxp-PEmax-Y220C,5,hTP53-loxp-SV40LTms-loxP,Y220C,False,False,6F/6R,1F/16R,1F,16R,CGGTTCAA,GCACCTCC,6F,6R,GATTCCTCACTGATTGCTCTTAGGTCTGGCCCCTCCTCAGCATCTTATCCGAGTGGAAGGAAATTTGCGTGTGGAGTATTTGGATGACAGAAACACTTTTCGACATAGTGTGGTGGTGCCCTATGAGCCGCCTGAGGTCTGGTTTGCAACTGGG,CCCAGTTGCAAACCAGACCTCAGGCGGCTCATAGGGCACCACCACACTATGTCGAAAAGTGTTTCTGTCATCCAAATACTCCACACGCAAATTTCCTTCCACTCGGATAAGATGCTGAGGAGGGGCCAGACCTAAGAGCAATCAGTGAGGAATC,GATTCCTCACTGATTGCTCTTAGGTCTGGCCCCTCCTCAGCATCTTATCCGAGTGGAAGGAAATTTGCGTGTGGAGTATTTGGATGACAGAAACACTTTTCGACATAGTGTGGTGGTGCCCTGTGAGCCGCCTGAGGTCTGGTTTGCAACTGGG,CCCAGTTGCAAACCAGACCTCAGGCGGCTCACAGGGCACCACCACACTATGTCGAAAAGTGTTTCTGTCATCCAAATACTCCACACGCAAATTTCCTTCCACTCGGATAAGATGCTGAGGAGGGGCCAGACCTAAGAGCAATCAGTGAGGAATC,4-150,4-150,CACTTTTCGACATAGTGTGG,peg_178
32,D23-11180,hTP53-loxp-SV40LTmS-loxp-PEmax-G245S,6,hTP53-loxp-SV40LTms-loxP,G245S,False,False,7F/7R,2F/1R,2F,1R,GCTGGATT,ATCAGATT,7F,7R,GGCTCTGACTGTACCACCATCCACTACAACTACATGTGTAACAGTTCCTGCATGGGCGGCATGAACCGGAGGCCCATCCTCACCATCATCACACTGGAAGACTCCAGGTCAGGAGCCACTTGCCAC,GTGGCAAGTGGCTCCTGACCTGGAGTCTTCCAGTGTGATGATGGTGAGGATGGGCCTCCGGTTCATGCCGCCCATGCAGGAACTGTTACACATGTAGTTGTAGTGGATGGTGGTACAGTCAGAGCC,GGCTCTGACTGTACCACCATCCACTACAACTACATGTGTAACAGTTCCTGCATGGGCAGCATGAACCGGAGGCCCATCCTCACCATCATCACACTGGAAGACTCCAGGTCAGGAGCCACTTGCCAC,GTGGCAAGTGGCTCCTGACCTGGAGTCTTCCAGTGTGATGATGGTGAGGATGGGCCTCCGGTTCATGCTGCCCATGCAGGAACTGTTACACATGTAGTTGTAGTGGATGGTGGTACAGTCAGAGCC,4-122,4-122,TGTAACAGTTCCTGCATGGG,peg_218
33,D23-11181,hTP53-loxp-SV40LTmS-loxp-PEmax-E285K,7,hTP53-loxp-SV40LTms-loxP,E285K,False,False,8F/8R,2F/3R,2F,3R,GCTGGATT,CGGTTCGG,8F,8R,GGACGGAACAGCTTTGAGGTGCGTGTTTGTGCCTGTCCTGGGAGAGACCGGCGCACAGAGGAAGAGAATCTCCGCAAGAAAGGGGAGCCTCACCACGAGCTGCCCCCAGGGAGCACTAAGCGAGGTAAGCA,TGCTTACCTCGCTTAGTGCTCCCTGGGGGCAGCTCGTGGTGAGGCTCCCCTTTCTTGCGGAGATTCTCTTCCTCTGTGCGCCGGTCTCTCCCAGGACAGGCACAAACACGCACCTCAAAGCTGTTCCGTCC,GGACGGAACAGCTTTGAGGTGCGTGTTTGTGCCTGTCCTGGGAGAGACCGGCGCACAAAGGAAGAGAATCTCCGCAAGAAAGGGGAGCCTCACCACGAGCTGCCCCCAGGGAGCACTAAGCGAGGTAAGCA,TGCTTACCTCGCTTAGTGCTCCCTGGGGGCAGCTCGTGGTGAGGCTCCCCTTTCTTGCGGAGATTCTCTTCCTTTGTGCGCCGGTCTCTCCCAGGACAGGCACAAACACGCACCTCAAAGCTGTTCCGTCC,4-127,4-127,TGGGAGAGACCGGCGCACAG,peg_311
34,D23-11182,hTP53-loxp-SV40LTmS-loxp-PEmax-H179R,8,hTP53-loxp-SV40LTms-loxP,H179R,False,False,5AF/5AR,2F/4R,2F,4R,GCTGGATT,TATGGACC,5AF,5AR,GCAGCTGTGGGTTGATTCCACACCCCCGCCCGGCACCCGCGTCCGCGCCATGGCCATCTACAAGCAGTCACAGCACATGACGGAGGTTGTGAGGCGCTGCCCCCACCATGAGCGCTGCTCAGATAGCGATGGTGAGCAGCT,AGCTGCTCACCATCGCTATCTGAGCAGCGCTCATGGTGGGGGCAGCGCCTCACAACCTCCGTCATGTGCTGTGACTGCTTGTAGATGGCCATGGCGCGGACGCGGGTGCCGGGCGGGGGTGTGGAATCAACCCACAGCTGC,GCAGCTGTGGGTTGATTCCACACCCCCGCCCGGCACCCGCGTCCGCGCCATGGCCATCTACAAGCAGTCACAGCACATGACGGAGGTTGTGAGGCGCTGCCCCCACCGTGAGCGCTGCTCAGATAGCGATGGTGAGCAGCT,AGCTGCTCACCATCGCTATCTGAGCAGCGCTCACGGTGGGGGCAGCGCCTCACAACCTCCGTCATGTGCTGTGACTGCTTGTAGATGGCCATGGCGCGGACGCGGGTGCCGGGCGGGGGTGTGGAATCAACCCACAGCTGC,4-137,4-137,AGCACATGACGGAGGTTGTG,peg_465
35,D23-11183,hTP53-loxp-SV40LTmS-loxp-PEmax-I195T,9,hTP53-loxp-SV40LTms-loxP,I195T,False,False,6F/6R,2F/5R,2F,5R,GCTGGATT,GCCAAGTT,6F,6R,GATTCCTCACTGATTGCTCTTAGGTCTGGCCCCTCCTCAGCATCTTATCCGAGTGGAAGGAAATTTGCGTGTGGAGTATTTGGATGACAGAAACACTTTTCGACATAGTGTGGTGGTGCCCTATGAGCCGCCTGAGGTCTGGTTTGCAACTGGG,CCCAGTTGCAAACCAGACCTCAGGCGGCTCATAGGGCACCACCACACTATGTCGAAAAGTGTTTCTGTCATCCAAATACTCCACACGCAAATTTCCTTCCACTCGGATAAGATGCTGAGGAGGGGCCAGACCTAAGAGCAATCAGTGAGGAATC,GATTCCTCACTGATTGCTCTTAGGTCTGGCCCCTCCTCAGCATCTTACCCGAGTGGAAGGAAATTTGCGTGTGGAGTATTTGGATGACAGAAACACTTTTCGACATAGTGTGGTGGTGCCCTATGAGCCGCCTGAGGTCTGGTTTGCAACTGGG,CCCAGTTGCAAACCAGACCTCAGGCGGCTCATAGGGCACCACCACACTATGTCGAAAAGTGTTTCTGTCATCCAAATACTCCACACGCAAATTTCCTTCCACTCGGGTAAGATGCTGAGGAGGGGCCAGACCTAAGAGCAATCAGTGAGGAATC,4-150,4-150,CACGCAAATTTCCTTCCACT,peg_683
36,D23-11184,hTP53-loxp-SV40LTmS-loxp-PEmax-C135Y,10,hTP53-loxp-SV40LTms-loxP,C135Y,False,False,5BF/5BR,2F/6R,2F,6R,GCTGGATT,CGCAGACC,5BF,5BR,GTGCCCTGACTTTCAACTCTGTCTCCTTCCTCTTCCTACAGTACTCCCCTGCCCTCAACAAGATGTTTTGCCAACTGGCCAAGACCTGCCCTGTGCAGCTGTGGGTTGATTCCACA,TGTGGAATCAACCCACAGCTGCACAGGGCAGGTCTTGGCCAGTTGGCAAAACATCTTGTTGAGGGCAGGGGAGTACTGTAGGAAGAGGAAGGAGACAGAGTTGAAAGTCAGGGCAC,GTGCCCTGACTTTCAACTCTGTCTCCTTCCTCTTCCTACAGTACTCCCCTGCCCTCAACAAGATGTTTTACCAACTGGCCAAGACCTGCCCTGTGCAGCTGTGGGTTGATTCCACA,TGTGGAATCAACCCACAGCTGCACAGGGCAGGTCTTGGCCAGTTGGTAAAACATCTTGTTGAGGGCAGGGGAGTACTGTAGGAAGAGGAAGGAGACAGAGTTGAAAGTCAGGGCAC,4-112,4-112,CAGGGCAGGTCTTGGCCAGT,peg_885
37,D23-11185,hTP53-loxp-SV40LTmS-loxp-PEmax-R248L,11,hTP53-loxp-SV40LTms-loxP,R248L,False,False,7F/7R,2F/7R,2F,7R,GCTGGATT,CGACCTCC,7F,7R,GGCTCTGACTGTACCACCATCCACTACAACTACATGTGTAACAGTTCCTGCATGGGCGGCATGAACCGGAGGCCCATCCTCACCATCATCACACTGGAAGACTCCAGGTCAGGAGCCACTTGCCAC,GTGGCAAGTGGCTCCTGACCTGGAGTCTTCCAGTGTGATGATGGTGAGGATGGGCCTCCGGTTCATGCCGCCCATGCAGGAACTGTTACACATGTAGTTGTAGTGGATGGTGGTACAGTCAGAGCC,GGCTCTGACTGTACCACCATCCACTACAACTACATGTGTAACAGTTCCTGCATGGGCGGCATGAACCTGAGGCCCATCCTCACCATCATCACACTGGAAGACTCCAGGTCAGGAGCCACTTGCCAC,GTGGCAAGTGGCTCCTGACCTGGAGTCTTCCAGTGTGATGATGGTGAGGATGGGCCTCAGGTTCATGCCGCCCATGCAGGAACTGTTACACATGTAGTTGTAGTGGATGGTGGTACAGTCAGAGCC,4-122,4-122,GCATGGGCGGCATGAACCGG,peg_1864
38,D23-11186,hTP53-loxp-SV40LTmS-loxp-PEmax-R273P,12,hTP53-loxp-SV40LTms-loxP,R273P,False,False,8F/8R,2F/8R,2F,8R,GCTGGATT,GCCACTGG,8F,8R,GGACGGAACAGCTTTGAGGTGCGTGTTTGTGCCTGTCCTGGGAGAGACCGGCGCACAGAGGAAGAGAATCTCCGCAAGAAAGGGGAGCCTCACCACGAGCTGCCCCCAGGGAGCACTAAGCGAGGTAAGCA,TGCTTACCTCGCTTAGTGCTCCCTGGGGGCAGCTCGTGGTGAGGCTCCCCTTTCTTGCGGAGATTCTCTTCCTCTGTGCGCCGGTCTCTCCCAGGACAGGCACAAACACGCACCTCAAAGCTGTTCCGTCC,GGACGGAACAGCTTTGAGGTGCCTGTTTGTGCCTGTCCTGGGAGAGACCGGCGCACAGAGGAAGAGAATCTCCGCAAGAAAGGGGAGCCTCACCACGAGCTGCCCCCAGGGAGCACTAAGCGAGGTAAGCA,TGCTTACCTCGCTTAGTGCTCCCTGGGGGCAGCTCGTGGTGAGGCTCCCCTTTCTTGCGGAGATTCTCTTCCTCTGTGCGCCGGTCTCTCCCAGGACAGGCACAAACAGGCACCTCAAAGCTGTTCCGTCC,4-127,4-127,ACTGGGACGGAACAGCTTTG,peg_4127
39,D23-11187,hTP53-loxp-SV40LTmS-loxp-PEmax-R248P,14,hTP53-loxp-SV40LTms-loxP,R248P,False,False,7F/7R,2F/9R,2F,9R,GCTGGATT,GCGTAGTT,7F,7R,GGCTCTGACTGTACCACCATCCACTACAACTACATGTGTAACAGTTCCTGCATGGGCGGCATGAACCGGAGGCCCATCCTCACCATCATCACACTGGAAGACTCCAGGTCAGGAGCCACTTGCCAC,GTGGCAAGTGGCTCCTGACCTGGAGTCTTCCAGTGTGATGATGGTGAGGATGGGCCTCCGGTTCATGCCGCCCATGCAGGAACTGTTACACATGTAGTTGTAGTGGATGGTGGTACAGTCAGAGCC,GGCTCTGACTGTACCACCATCCACTACAACTACATGTGTAACAGTTCCTGCATGGGCGGCATGAACCCGAGGCCCATCCTCACCATCATCACACTGGAAGACTCCAGGTCAGGAGCCACTTGCCAC,GTGGCAAGTGGCTCCTGACCTGGAGTCTTCCAGTGTGATGATGGTGAGGATGGGCCTCGGGTTCATGCCGCCCATGCAGGAACTGTTACACATGTAGTTGTAGTGGATGGTGGTACAGTCAGAGCC,4-122,4-122,GCATGGGCGGCATGAACCGG,peg_6764
40,D23-11188,hTP53-loxp-SV40LTmS-loxp-PEmax-Y327Ter,15,hTP53-loxp-SV40LTms-loxP,Y327Ter,False,False,9F/9R,2F/10R,2F,10R,GCTGGATT,CGCAAGTT,9F,9R,TCCTTGCCTCTTTCCTAGCACTGCCCAACAACACCAGCTCCTCTCCCCAGCCAAAGAAGAAACCACTGGATGGAGAATATTTCACCCTTCAGGTACTAAGTCTTGGGACCTCTTATCAAGTGGAAAGTTT,AAACTTTCCACTTGATAAGAGGTCCCAAGACTTAGTACCTGAAGGGTGAAATATTCTCCATCCAGTGGTTTCTTCTTTGGCTGGGGAGAGGAGCTGGTGTTGTTGGGCAGTGCTAGGAAAGAGGCAAGGA,TCCTTGCCTCTTTCCTAGCACTGCCCAACAACACCAGCTCCTCTCCCCAGCCAAAGAAGAAACCACTGGATGGAGAATAGTTCACCCTTCAGGTACTAAGTCTTGGGACCTCTTATCAAGTGGAAAGTTT,AAACTTTCCACTTGATAAGAGGTCCCAAGACTTAGTACCTGAAGGGTGAACTATTCTCCATCCAGTGGTTTCTTCTTTGGCTGGGGAGAGGAGCTGGTGTTGTTGGGCAGTGCTAGGAAAGAGGCAAGGA,4-126,4-126,CCAAAGAAGAAACCACTGGA,peg_7449
41,D23-11189,hTP53-loxp-SV40LTmS-loxp-PEmax-R196P,16,hTP53-loxp-SV40LTms-loxP,R196P,False,False,6F/6R,2F/11R,2F,11R,GCTGGATT,CGACAGTT,6F,6R,GATTCCTCACTGATTGCTCTTAGGTCTGGCCCCTCCTCAGCATCTTATCCGAGTGGAAGGAAATTTGCGTGTGGAGTATTTGGATGACAGAAACACTTTTCGACATAGTGTGGTGGTGCCCTATGAGCCGCCTGAGGTCTGGTTTGCAACTGGG,CCCAGTTGCAAACCAGACCTCAGGCGGCTCATAGGGCACCACCACACTATGTCGAAAAGTGTTTCTGTCATCCAAATACTCCACACGCAAATTTCCTTCCACTCGGATAAGATGCTGAGGAGGGGCCAGACCTAAGAGCAATCAGTGAGGAATC,GATTCCTCACTGATTGCTCTTAGGTCTGGCCCCTCCTCAGCATCTTATCCCAGTGGAAGGAAATTTGCGTGTGGAGTATTTGGATGACAGAAACACTTTTCGACATAGTGTGGTGGTGCCCTATGAGCCGCCTGAGGTCTGGTTTGCAACTGGG,CCCAGTTGCAAACCAGACCTCAGGCGGCTCATAGGGCACCACCACACTATGTCGAAAAGTGTTTCTGTCATCCAAATACTCCACACGCAAATTTCCTTCCACTGGGATAAGATGCTGAGGAGGGGCCAGACCTAAGAGCAATCAGTGAGGAATC,4-150,4-150,TCCTCAGCATCTTATCCGAG,peg_8247
42,D23-11190,hTP53-loxp-SV40LTmS-loxp-PEmax-T170M,17,hTP53-loxp-SV40LTms-loxP,T170M,False,False,5AF/5AR,2F/12R,2F,12R,GCTGGATT,TAGTAGCC,5AF,5AR,GCAGCTGTGGGTTGATTCCACACCCCCGCCCGGCACCCGCGTCCGCGCCATGGCCATCTACAAGCAGTCACAGCACATGACGGAGGTTGTGAGGCGCTGCCCCCACCATGAGCGCTGCTCAGATAGCGATGGTGAGCAGCT,AGCTGCTCACCATCGCTATCTGAGCAGCGCTCATGGTGGGGGCAGCGCCTCACAACCTCCGTCATGTGCTGTGACTGCTTGTAGATGGCCATGGCGCGGACGCGGGTGCCGGGCGGGGGTGTGGAATCAACCCACAGCTGC,GCAGCTGTGGGTTGATTCCACACCCCCGCCCGGCACCCGCGTCCGCGCCATGGCCATCTACAAGCAGTCACAGCACATGATGGAGGTTGTGAGGCGCTGCCCCCACCATGAGCGCTGCTCAGATAGCGATGGTGAGCAGCT,AGCTGCTCACCATCGCTATCTGAGCAGCGCTCATGGTGGGGGCAGCGCCTCACAACCTCCATCATGTGCTGTGACTGCTTGTAGATGGCCATGGCGCGGACGCGGGTGCCGGGCGGGGGTGTGGAATCAACCCACAGCTGC,4-137,4-137,GCAGTCACAGCACATGACGG,peg_9611
43,D23-11191,hTP53-loxp-SV40LTmS-loxp-PEmax-A347D,18,hTP53-loxp-SV40LTms-loxP,A347D,False,False,10F/10R,2F/13R,2F,13R,GCTGGATT,CGTGTCAA,10F,10R,CCCTCCTCTGTTGCTGCAGATCCGTGGGCGTGAGCGCTTCGAGATGTTCCGAGAGCTGAATGAGGCCTTGGAACTCAAGGATGCCCAGGCTGGGAAGGAGCCAGGGGGGAGCAGGGCTCACTCCAGGT,ACCTGGAGTGAGCCCTGCTCCCCCCTGGCTCCTTCCCAGCCTGGGCATCCTTGAGTTCCAAGGCCTCATTCAGCTCTCGGAACATCTCGAAGCGCTCACGCCCACGGATCTGCAGCAACAGAGGAGGG,CCCTCCTCTGTTGCTGCAGATCCGTGGGCGTGAGCGCTTCGAGATGTTCCGAGAGCTGAATGAGGACTTGGAACTCAAGGATGCCCAGGCTGGGAAGGAGCCAGGGGGGAGCAGGGCTCACTCCAGGT,ACCTGGAGTGAGCCCTGCTCCCCCCTGGCTCCTTCCCAGCCTGGGCATCCTTGAGTTCCAAGTCCTCATTCAGCTCTCGGAACATCTCGAAGCGCTCACGCCCACGGATCTGCAGCAACAGAGGAGGG,4-124,4-124,CTGGGCATCCTTGAGTTCCA,peg_12022
44,D23-11192,hTP53-loxp-SV40LTmS-loxp-PEmax-A347P,19,hTP53-loxp-SV40LTms-loxP,A347P,False,False,10F/10R,2F/14R,2F,14R,GCTGGATT,GCGTTCTT,10F,10R,CCCTCCTCTGTTGCTGCAGATCCGTGGGCGTGAGCGCTTCGAGATGTTCCGAGAGCTGAATGAGGCCTTGGAACTCAAGGATGCCCAGGCTGGGAAGGAGCCAGGGGGGAGCAGGGCTCACTCCAGGT,ACCTGGAGTGAGCCCTGCTCCCCCCTGGCTCCTTCCCAGCCTGGGCATCCTTGAGTTCCAAGGCCTCATTCAGCTCTCGGAACATCTCGAAGCGCTCACGCCCACGGATCTGCAGCAACAGAGGAGGG,CCCTCCTCTGTTGCTGCAGATCCGTGGGCGTGAGCGCTTCGAGATGTTCCGAGAGCTGAATGAGCCCTTGGAACTCAAGGATGCCCAGGCTGGGAAGGAGCCAGGGGGGAGCAGGGCTCACTCCAGGT,ACCTGGAGTGAGCCCTGCTCCCCCCTGGCTCCTTCCCAGCCTGGGCATCCTTGAGTTCCAAGGGCTCATTCAGCTCTCGGAACATCTCGAAGCGCTCACGCCCACGGATCTGCAGCAACAGAGGAGGG,4-124,4-124,GATGTTCCGAGAGCTGAATG,peg_12868
45,D23-11193,hTP53-loxp-SV40LTmS-loxp-PEmax-N345S,20,hTP53-loxp-SV40LTms-loxP,N345S,False,False,10F/10R,2F/15R,2F,15R,GCTGGATT,GCCAAGCC,10F,10R,CCCTCCTCTGTTGCTGCAGATCCGTGGGCGTGAGCGCTTCGAGATGTTCCGAGAGCTGAATGAGGCCTTGGAACTCAAGGATGCCCAGGCTGGGAAGGAGCCAGGGGGGAGCAGGGCTCACTCCAGGT,ACCTGGAGTGAGCCCTGCTCCCCCCTGGCTCCTTCCCAGCCTGGGCATCCTTGAGTTCCAAGGCCTCATTCAGCTCTCGGAACATCTCGAAGCGCTCACGCCCACGGATCTGCAGCAACAGAGGAGGG,CCCTCCTCTGTTGCTGCAGATCCGTGGGCGTGAGCGCTTCGAGATGTTCCGAGAGCTGAGTGAGGCCTTGGAACTCAAGGATGCCCAGGCTGGGAAGGAGCCAGGGGGGAGCAGGGCTCACTCCAGGT,ACCTGGAGTGAGCCCTGCTCCCCCCTGGCTCCTTCCCAGCCTGGGCATCCTTGAGTTCCAAGGCCTCACTCAGCTCTCGGAACATCTCGAAGCGCTCACGCCCACGGATCTGCAGCAACAGAGGAGGG,4-124,4-124,GATGTTCCGAGAGCTGAATG,peg_14531
46,D23-11194,hTP53-loxp-SV40LTmS-loxp-PEmax-M40V,21,hTP53-loxp-SV40LTms-loxP,M40V,False,False,4BF/4BR,2F/16R,2F,16R,GCTGGATT,GCACCTCC,4BF,4BR,CTGCTCTTTTCACCCATCTACAGTCCCCCTTGCCGTCCCAAGCAATGGATGATTTGATGCTGTCCCCGGACGATATTGAACAATGGTTCACTGAAGACCCAGGTCCAGATGAAGCTCCCAGAATGCCAGAGGCTGCT,AGCAGCCTCTGGCATTCTGGGAGCTTCATCTGGACCTGGGTCTTCAGTGAACCATTGTTCAATATCGTCCGGGGACAGCATCAAATCATCCATTGCTTGGGACGGCAAGGGGGACTGTAGATGGGTGAAAAGAGCAG,CTGCTCTTTTCACCCATCTACAGTCCCCCTTGCCGTCCCAAGCAGTGGATGATTTGATGCTGTCCCCGGACGATATTGAACAATGGTTCACTGAAGACCCAGGTCCAGATGAAGCTCCCAGAATGCCAGAGGCTGCT,AGCAGCCTCTGGCATTCTGGGAGCTTCATCTGGACCTGGGTCTTCAGTGAACCATTGTTCAATATCGTCCGGGGACAGCATCAAATCATCCACTGCTTGGGACGGCAAGGGGGACTGTAGATGGGTGAAAAGAGCAG,4-133,4-133,CCCCTTGCCGTCCCAAGCAA,peg_16602
47,D23-11195,hTP53-loxp-SV40LTmS-loxp-PEmax-G325A,22,hTP53-loxp-SV40LTms-loxP,G325A,False,False,9F/9R,3F/1R,3F,1R,TAACTCGG,ATCAGATT,9F,9R,TCCTTGCCTCTTTCCTAGCACTGCCCAACAACACCAGCTCCTCTCCCCAGCCAAAGAAGAAACCACTGGATGGAGAATATTTCACCCTTCAGGTACTAAGTCTTGGGACCTCTTATCAAGTGGAAAGTTT,AAACTTTCCACTTGATAAGAGGTCCCAAGACTTAGTACCTGAAGGGTGAAATATTCTCCATCCAGTGGTTTCTTCTTTGGCTGGGGAGAGGAGCTGGTGTTGTTGGGCAGTGCTAGGAAAGAGGCAAGGA,TCCTTGCCTCTTTCCTAGCACTGCCCAACAACACCAGCTCCTCTCCCCAGCCAAAGAAGAAACCACTGGATGCAGAATATTTCACCCTTCAGGTACTAAGTCTTGGGACCTCTTATCAAGTGGAAAGTTT,AAACTTTCCACTTGATAAGAGGTCCCAAGACTTAGTACCTGAAGGGTGAAATATTCTGCATCCAGTGGTTTCTTCTTTGGCTGGGGAGAGGAGCTGGTGTTGTTGGGCAGTGCTAGGAAAGAGGCAAGGA,4-126,4-126,CCAAAGAAGAAACCACTGGA,peg_18555
48,D23-11196,hTP53-loxp-SV40LTmS-loxp-PEmax-P82LfsTer69,23,hTP53-loxp-SV40LTms-loxP,P82LfsTer69,False,False,4AF/4AR,3F/2R,3F,2R,TAACTCGG,TAGTGATT,4AF,4AR,CAGAATGCCAGAGGCTGCTCCCCCCGTGGCCCCTGCACCAGCAGCTCCTACACCGGCGGCCCCTGCACCAGCCCCCTCCTGGCCCCTGTCATCTTCTGTCCCTTCCCAGAAAACCTACCAGGGCAGCTACGGTTTCCGTCTGGGCTTCTTG,CAAGAAGCCCAGACGGAAACCGTAGCTGCCCTGGTAGGTTTTCTGGGAAGGGACAGAAGATGACAGGGGCCAGGAGGGGGCTGGTGCAGGGGCCGCCGGTGTAGGAGCTGCTGGTGCAGGGGCCACGGGGGGAGCAGCCTCTGGCATTCTG,CAGAATGCCAGAGGCTGCTCCCCCCGTGGCCCCTGCACCAGCAGCTCCTACGCTCCTAACCGGCGGCCCCTGCACCAGCCCCCTCCTGGCCCCTGTCATCTTCTGTCCCTTCCCAGAAAACCTACCAGGGCAGCTACGGTTTCCGTCTGGGCTTCTTG,CAAGAAGCCCAGACGGAAACCGTAGCTGCCCTGGTAGGTTTTCTGGGAAGGGACAGAAGATGACAGGGGCCAGGAGGGGGCTGGTGCAGGGGCCGCCGGTTAGGAGCGTAGGAGCTGCTGGTGCAGGGGCCACGGGGGGAGCAGCCTCTGGCATTCTG,4-147,4-154,TGCACCAGCAGCTCCTACAC,peg_21343
49,D23-11197,hTP53-loxp-SV40LTmS-loxp-PEmax-P322HfsTer15,24,hTP53-loxp-SV40LTms-loxP,P322HfsTer15,False,False,9F/9R,3F/4R,3F,4R,TAACTCGG,TATGGACC,9F,9R,TCCTTGCCTCTTTCCTAGCACTGCCCAACAACACCAGCTCCTCTCCCCAGCCAAAGAAGAAACCACTGGATGGAGAATATTTCACCCTTCAGGTACTAAGTCTTGGGACCTCTTATCAAGTGGAAAGTTT,AAACTTTCCACTTGATAAGAGGTCCCAAGACTTAGTACCTGAAGGGTGAAATATTCTCCATCCAGTGGTTTCTTCTTTGGCTGGGGAGAGGAGCTGGTGTTGTTGGGCAGTGCTAGGAAAGAGGCAAGGA,TCCTTGCCTCTTTCCTAGCACTGCCCAACAACACCAGCTCCTCTCCCCAGCCAAAGAAGAAACACACTGGATGGAGAATATTTCACCCTTCAGGTACTAAGTCTTGGGACCTCTTATCAAGTGGAAAGTTT,AAACTTTCCACTTGATAAGAGGTCCCAAGACTTAGTACCTGAAGGGTGAAATATTCTCCATCCAGTGTGTTTCTTCTTTGGCTGGGGAGAGGAGCTGGTGTTGTTGGGCAGTGCTAGGAAAGAGGCAAGGA,4-126,4-127,GTGAAATATTCTCCATCCAG,peg_21875
50,D23-11198,hTP53-loxp-SV40LTmS-loxp-PEmax-I254_I255insH,25,hTP53-loxp-SV40LTms-loxP,I254_I255insH,False,False,7F/7R,3F/5R,3F,5R,TAACTCGG,GCCAAGTT,7F,7R,GGCTCTGACTGTACCACCATCCACTACAACTACATGTGTAACAGTTCCTGCATGGGCGGCATGAACCGGAGGCCCATCCTCACCATCATCACACTGGAAGACTCCAGGTCAGGAGCCACTTGCCAC,GTGGCAAGTGGCTCCTGACCTGGAGTCTTCCAGTGTGATGATGGTGAGGATGGGCCTCCGGTTCATGCCGCCCATGCAGGAACTGTTACACATGTAGTTGTAGTGGATGGTGGTACAGTCAGAGCC,GGCTCTGACTGTACCACCATCCACTACAACTACATGTGTAACAGTTCCTGCATGGGCGGCATGAACCGGAGGCCCATCCTCACCATCCACATCACACTGGAAGACTCCAGGTCAGGAGCCACTTGCCAC,GTGGCAAGTGGCTCCTGACCTGGAGTCTTCCAGTGTGATGTGGATGGTGAGGATGGGCCTCCGGTTCATGCCGCCCATGCAGGAACTGTTACACATGTAGTTGTAGTGGATGGTGGTACAGTCAGAGCC,4-122,4-125,GGAGTCTTCCAGTGTGATGA,peg_22204
51,D23-11199,hTP53-loxp-SV40LTmS-loxp-PEmax-S106RfsTer16,26,hTP53-loxp-SV40LTms-loxP,S106RfsTer16,False,False,4AF/4AR,3F/6R,3F,6R,TAACTCGG,CGCAGACC,4AF,4AR,CAGAATGCCAGAGGCTGCTCCCCCCGTGGCCCCTGCACCAGCAGCTCCTACACCGGCGGCCCCTGCACCAGCCCCCTCCTGGCCCCTGTCATCTTCTGTCCCTTCCCAGAAAACCTACCAGGGCAGCTACGGTTTCCGTCTGGGCTTCTTG,CAAGAAGCCCAGACGGAAACCGTAGCTGCCCTGGTAGGTTTTCTGGGAAGGGACAGAAGATGACAGGGGCCAGGAGGGGGCTGGTGCAGGGGCCGCCGGTGTAGGAGCTGCTGGTGCAGGGGCCACGGGGGGAGCAGCCTCTGGCATTCTG,CAGAATGCCAGAGGCTGCTCCCCCCGTGGCCCCTGCACCAGCAGCTCCTACACCGGCGGCCCCTGCACCAGCCCCCTCCTGGCCCCTGTCATCTTCTGTCCCTTCCCAGAAAACCTACCAGGGCAGGGTTTCCGTCTGGGCTTCTTG,CAAGAAGCCCAGACGGAAACCCTGCCCTGGTAGGTTTTCTGGGAAGGGACAGAAGATGACAGGGGCCAGGAGGGGGCTGGTGCAGGGGCCGCCGGTGTAGGAGCTGCTGGTGCAGGGGCCACGGGGGGAGCAGCCTCTGGCATTCTG,4-147,4-143,AAAACCTACCAGGGCAGCTA,peg_25828
52,D23-11200,hTP53-loxp-SV40LTmS-loxp-PEmax-G244NfsTer390,27,hTP53-loxp-SV40LTms-loxP,G244NfsTer390,False,False,7F/7R,3F/7R,3F,7R,TAACTCGG,CGACCTCC,7F,7R,GGCTCTGACTGTACCACCATCCACTACAACTACATGTGTAACAGTTCCTGCATGGGCGGCATGAACCGGAGGCCCATCCTCACCATCATCACACTGGAAGACTCCAGGTCAGGAGCCACTTGCCAC,GTGGCAAGTGGCTCCTGACCTGGAGTCTTCCAGTGTGATGATGGTGAGGATGGGCCTCCGGTTCATGCCGCCCATGCAGGAACTGTTACACATGTAGTTGTAGTGGATGGTGGTACAGTCAGAGCC,GGCTCTGACTGTACCACCATCCACTACAACTACATGTGTAACAGTTCCTGCATGAACCGGAGGCCCATCCTCACCATCATCACACTGGAAGACTCCAGGTCAGGAGCCACTTGCCAC,GTGGCAAGTGGCTCCTGACCTGGAGTCTTCCAGTGTGATGATGGTGAGGATGGGCCTCCGGTTCATGCAGGAACTGTTACACATGTAGTTGTAGTGGATGGTGGTACAGTCAGAGCC,4-122,4-113,TGTAACAGTTCCTGCATGGG,peg_26576
53,D23-11201,hTP53-loxp-SV40LTmS-loxp-PEmax-E62E,28,hTP53-loxp-SV40LTms-loxP,E62E,False,False,4BF/4BR,3F/8R,3F,8R,TAACTCGG,GCCACTGG,4BF,4BR,CTGCTCTTTTCACCCATCTACAGTCCCCCTTGCCGTCCCAAGCAATGGATGATTTGATGCTGTCCCCGGACGATATTGAACAATGGTTCACTGAAGACCCAGGTCCAGATGAAGCTCCCAGAATGCCAGAGGCTGCT,AGCAGCCTCTGGCATTCTGGGAGCTTCATCTGGACCTGGGTCTTCAGTGAACCATTGTTCAATATCGTCCGGGGACAGCATCAAATCATCCATTGCTTGGGACGGCAAGGGGGACTGTAGATGGGTGAAAAGAGCAG,CTGCTCTTTTCACCCATCTACAGTCCCCCTTGCCGTCCCAAGCAATGGATGATTTGATGCTGTCCCCGGACGATATTGAACAATGGTTCACTGAAGACCCAGGTCCAGATGAGGCTCCCAGAATGCCAGAGGCTGCT,AGCAGCCTCTGGCATTCTGGGAGCCTCATCTGGACCTGGGTCTTCAGTGAACCATTGTTCAATATCGTCCGGGGACAGCATCAAATCATCCATTGCTTGGGACGGCAAGGGGGACTGTAGATGGGTGAAAAGAGCAG,4-133,4-133,CAATGGTTCACTGAAGACCC,peg_26951
54,D23-11202,hTP53-loxp-SV40LTmS-loxp-PEmax-E258E,29,hTP53-loxp-SV40LTms-loxP,E258E,False,False,7F/7R,3F/9R,3F,9R,TAACTCGG,GCGTAGTT,7F,7R,GGCTCTGACTGTACCACCATCCACTACAACTACATGTGTAACAGTTCCTGCATGGGCGGCATGAACCGGAGGCCCATCCTCACCATCATCACACTGGAAGACTCCAGGTCAGGAGCCACTTGCCAC,GTGGCAAGTGGCTCCTGACCTGGAGTCTTCCAGTGTGATGATGGTGAGGATGGGCCTCCGGTTCATGCCGCCCATGCAGGAACTGTTACACATGTAGTTGTAGTGGATGGTGGTACAGTCAGAGCC,GGCTCTGACTGTACCACCATCCACTACAACTACATGTGTAACAGTTCCTGCATGGGCGGCATGAACCGGAGGCCCATCCTCACCATCATCACACTGGAGGACTCCAGGTCAGGAGCCACTTGCCAC,GTGGCAAGTGGCTCCTGACCTGGAGTCCTCCAGTGTGATGATGGTGAGGATGGGCCTCCGGTTCATGCCGCCCATGCAGGAACTGTTACACATGTAGTTGTAGTGGATGGTGGTACAGTCAGAGCC,4-122,4-122,CATCCTCACCATCATCACAC,peg_27888
55,D23-11203,A549-PEmax-R175H,1,A549,R175H,False,False,5AF/5AR,3F/10R,3F,10R,TAACTCGG,CGCAAGTT,5AF,5AR,GCAGCTGTGGGTTGATTCCACACCCCCGCCCGGCACCCGCGTCCGCGCCATGGCCATCTACAAGCAGTCACAGCACATGACGGAGGTTGTGAGGCGCTGCCCCCACCATGAGCGCTGCTCAGATAGCGATGGTGAGCAGCT,AGCTGCTCACCATCGCTATCTGAGCAGCGCTCATGGTGGGGGCAGCGCCTCACAACCTCCGTCATGTGCTGTGACTGCTTGTAGATGGCCATGGCGCGGACGCGGGTGCCGGGCGGGGGTGTGGAATCAACCCACAGCTGC,GCAGCTGTGGGTTGATTCCACACCCCCGCCCGGCACCCGCGTCCGCGCCATGGCCATCTACAAGCAGTCACAGCACATGACGGAGGTTGTGAGGCACTGCCCCCACCATGAGCGCTGCTCAGATAGCGATGGTGAGCAGCT,AGCTGCTCACCATCGCTATCTGAGCAGCGCTCATGGTGGGGGCAGTGCCTCACAACCTCCGTCATGTGCTGTGACTGCTTGTAGATGGCCATGGCGCGGACGCGGGTGCCGGGCGGGGGTGTGGAATCAACCCACAGCTGC,4-137,4-137,AGCACATGACGGAGGTTGTG,peg_2
56,D23-11204,A549-PEmax-R248Q,2,A549,R248Q,False,False,7F/7R,3F/11R,3F,11R,TAACTCGG,CGACAGTT,7F,7R,GGCTCTGACTGTACCACCATCCACTACAACTACATGTGTAACAGTTCCTGCATGGGCGGCATGAACCGGAGGCCCATCCTCACCATCATCACACTGGAAGACTCCAGGTCAGGAGCCACTTGCCAC,GTGGCAAGTGGCTCCTGACCTGGAGTCTTCCAGTGTGATGATGGTGAGGATGGGCCTCCGGTTCATGCCGCCCATGCAGGAACTGTTACACATGTAGTTGTAGTGGATGGTGGTACAGTCAGAGCC,GGCTCTGACTGTACCACCATCCACTACAACTACATGTGTAACAGTTCCTGCATGGGCGGCATGAACCAGAGGCCCATCCTCACCATCATCACACTGGAAGACTCCAGGTCAGGAGCCACTTGCCAC,GTGGCAAGTGGCTCCTGACCTGGAGTCTTCCAGTGTGATGATGGTGAGGATGGGCCTCTGGTTCATGCCGCCCATGCAGGAACTGTTACACATGTAGTTGTAGTGGATGGTGGTACAGTCAGAGCC,4-122,4-122,GCATGGGCGGCATGAACCGG,peg_31
57,D23-11205,A549-PEmax-R248Q+,2,A549,R248Q,True,False,7F/7R,3F/12R,3F,12R,TAACTCGG,TAGTAGCC,7F,7R,GGCTCTGACTGTACCACCATCCACTACAACTACATGTGTAACAGTTCCTGCATGGGCGGCATGAACCGGAGGCCCATCCTCACCATCATCACACTGGAAGACTCCAGGTCAGGAGCCACTTGCCAC,GTGGCAAGTGGCTCCTGACCTGGAGTCTTCCAGTGTGATGATGGTGAGGATGGGCCTCCGGTTCATGCCGCCCATGCAGGAACTGTTACACATGTAGTTGTAGTGGATGGTGGTACAGTCAGAGCC,GGCTCTGACTGTACCACCATCCACTACAACTACATGTGTAACAGTTCCTGCATGGGCGGCATGAACCAGAGGCCCATCCTCACCATCATCACACTGGAAGACTCCAGGTCAGGAGCCACTTGCCAC,GTGGCAAGTGGCTCCTGACCTGGAGTCTTCCAGTGTGATGATGGTGAGGATGGGCCTCTGGTTCATGCCGCCCATGCAGGAACTGTTACACATGTAGTTGTAGTGGATGGTGGTACAGTCAGAGCC,4-122,4-122,GCATGGGCGGCATGAACCGG,peg_31
58,D23-11206,A549-PEmax-R273C,3,A549,R273C,False,False,8F/8R,3F/13R,3F,13R,TAACTCGG,CGTGTCAA,8F,8R,GGACGGAACAGCTTTGAGGTGCGTGTTTGTGCCTGTCCTGGGAGAGACCGGCGCACAGAGGAAGAGAATCTCCGCAAGAAAGGGGAGCCTCACCACGAGCTGCCCCCAGGGAGCACTAAGCGAGGTAAGCA,TGCTTACCTCGCTTAGTGCTCCCTGGGGGCAGCTCGTGGTGAGGCTCCCCTTTCTTGCGGAGATTCTCTTCCTCTGTGCGCCGGTCTCTCCCAGGACAGGCACAAACACGCACCTCAAAGCTGTTCCGTCC,GGACGGAACAGCTTTGAGGTGTGTGTTTGTGCCTGTCCTGGGAGAGACCGGCGCACAGAGGAAGAGAATCTCCGCAAGAAAGGGGAGCCTCACCACGAGCTGCCCCCAGGGAGCACTAAGCGAGGTAAGCA,TGCTTACCTCGCTTAGTGCTCCCTGGGGGCAGCTCGTGGTGAGGCTCCCCTTTCTTGCGGAGATTCTCTTCCTCTGTGCGCCGGTCTCTCCCAGGACAGGCACAAACACACACCTCAAAGCTGTTCCGTCC,4-127,4-127,ACTGGGACGGAACAGCTTTG,peg_55
59,D23-11207,A549-PEmax-R248W,4,A549,R248W,False,False,7F/7R,3F/14R,3F,14R,TAACTCGG,GCGTTCTT,7F,7R,GGCTCTGACTGTACCACCATCCACTACAACTACATGTGTAACAGTTCCTGCATGGGCGGCATGAACCGGAGGCCCATCCTCACCATCATCACACTGGAAGACTCCAGGTCAGGAGCCACTTGCCAC,GTGGCAAGTGGCTCCTGACCTGGAGTCTTCCAGTGTGATGATGGTGAGGATGGGCCTCCGGTTCATGCCGCCCATGCAGGAACTGTTACACATGTAGTTGTAGTGGATGGTGGTACAGTCAGAGCC,GGCTCTGACTGTACCACCATCCACTACAACTACATGTGTAACAGTTCCTGCATGGGCGGCATGAACTGGAGGCCCATCCTCACCATCATCACACTGGAAGACTCCAGGTCAGGAGCCACTTGCCAC,GTGGCAAGTGGCTCCTGACCTGGAGTCTTCCAGTGTGATGATGGTGAGGATGGGCCTCCAGTTCATGCCGCCCATGCAGGAACTGTTACACATGTAGTTGTAGTGGATGGTGGTACAGTCAGAGCC,4-122,4-122,GCATGGGCGGCATGAACCGG,peg_138
60,D23-11208,A549-PEmax-R248W+,4,A549,R248W,True,False,7F/7R,3F/15R,3F,15R,TAACTCGG,GCCAAGCC,7F,7R,GGCTCTGACTGTACCACCATCCACTACAACTACATGTGTAACAGTTCCTGCATGGGCGGCATGAACCGGAGGCCCATCCTCACCATCATCACACTGGAAGACTCCAGGTCAGGAGCCACTTGCCAC,GTGGCAAGTGGCTCCTGACCTGGAGTCTTCCAGTGTGATGATGGTGAGGATGGGCCTCCGGTTCATGCCGCCCATGCAGGAACTGTTACACATGTAGTTGTAGTGGATGGTGGTACAGTCAGAGCC,GGCTCTGACTGTACCACCATCCACTACAACTACATGTGTAACAGTTCCTGCATGGGCGGCATGAACTGGAGGCCCATCCTCACCATCATCACACTGGAAGACTCCAGGTCAGGAGCCACTTGCCAC,GTGGCAAGTGGCTCCTGACCTGGAGTCTTCCAGTGTGATGATGGTGAGGATGGGCCTCCAGTTCATGCCGCCCATGCAGGAACTGTTACACATGTAGTTGTAGTGGATGGTGGTACAGTCAGAGCC,4-122,4-122,GCATGGGCGGCATGAACCGG,peg_138
61,D23-11209,A549-PEmax-G245S,6,A549,G245S,False,False,7F/7R,3F/16R,3F,16R,TAACTCGG,GCACCTCC,7F,7R,GGCTCTGACTGTACCACCATCCACTACAACTACATGTGTAACAGTTCCTGCATGGGCGGCATGAACCGGAGGCCCATCCTCACCATCATCACACTGGAAGACTCCAGGTCAGGAGCCACTTGCCAC,GTGGCAAGTGGCTCCTGACCTGGAGTCTTCCAGTGTGATGATGGTGAGGATGGGCCTCCGGTTCATGCCGCCCATGCAGGAACTGTTACACATGTAGTTGTAGTGGATGGTGGTACAGTCAGAGCC,GGCTCTGACTGTACCACCATCCACTACAACTACATGTGTAACAGTTCCTGCATGGGCAGCATGAACCGGAGGCCCATCCTCACCATCATCACACTGGAAGACTCCAGGTCAGGAGCCACTTGCCAC,GTGGCAAGTGGCTCCTGACCTGGAGTCTTCCAGTGTGATGATGGTGAGGATGGGCCTCCGGTTCATGCTGCCCATGCAGGAACTGTTACACATGTAGTTGTAGTGGATGGTGGTACAGTCAGAGCC,4-122,4-122,TGTAACAGTTCCTGCATGGG,peg_218
62,D23-11210,A549-PEmax-E285K,7,A549,E285K,False,False,8F/8R,4F/1R,4F,1R,TAACAGTT,ATCAGATT,8F,8R,GGACGGAACAGCTTTGAGGTGCGTGTTTGTGCCTGTCCTGGGAGAGACCGGCGCACAGAGGAAGAGAATCTCCGCAAGAAAGGGGAGCCTCACCACGAGCTGCCCCCAGGGAGCACTAAGCGAGGTAAGCA,TGCTTACCTCGCTTAGTGCTCCCTGGGGGCAGCTCGTGGTGAGGCTCCCCTTTCTTGCGGAGATTCTCTTCCTCTGTGCGCCGGTCTCTCCCAGGACAGGCACAAACACGCACCTCAAAGCTGTTCCGTCC,GGACGGAACAGCTTTGAGGTGCGTGTTTGTGCCTGTCCTGGGAGAGACCGGCGCACAAAGGAAGAGAATCTCCGCAAGAAAGGGGAGCCTCACCACGAGCTGCCCCCAGGGAGCACTAAGCGAGGTAAGCA,TGCTTACCTCGCTTAGTGCTCCCTGGGGGCAGCTCGTGGTGAGGCTCCCCTTTCTTGCGGAGATTCTCTTCCTTTGTGCGCCGGTCTCTCCCAGGACAGGCACAAACACGCACCTCAAAGCTGTTCCGTCC,4-127,4-127,TGGGAGAGACCGGCGCACAG,peg_311
63,D23-11211,A549-PEmax-H179R,8,A549,H179R,False,False,5AF/5AR,4F/2R,4F,2R,TAACAGTT,TAGTGATT,5AF,5AR,GCAGCTGTGGGTTGATTCCACACCCCCGCCCGGCACCCGCGTCCGCGCCATGGCCATCTACAAGCAGTCACAGCACATGACGGAGGTTGTGAGGCGCTGCCCCCACCATGAGCGCTGCTCAGATAGCGATGGTGAGCAGCT,AGCTGCTCACCATCGCTATCTGAGCAGCGCTCATGGTGGGGGCAGCGCCTCACAACCTCCGTCATGTGCTGTGACTGCTTGTAGATGGCCATGGCGCGGACGCGGGTGCCGGGCGGGGGTGTGGAATCAACCCACAGCTGC,GCAGCTGTGGGTTGATTCCACACCCCCGCCCGGCACCCGCGTCCGCGCCATGGCCATCTACAAGCAGTCACAGCACATGACGGAGGTTGTGAGGCGCTGCCCCCACCGTGAGCGCTGCTCAGATAGCGATGGTGAGCAGCT,AGCTGCTCACCATCGCTATCTGAGCAGCGCTCACGGTGGGGGCAGCGCCTCACAACCTCCGTCATGTGCTGTGACTGCTTGTAGATGGCCATGGCGCGGACGCGGGTGCCGGGCGGGGGTGTGGAATCAACCCACAGCTGC,4-137,4-137,AGCACATGACGGAGGTTGTG,peg_465
64,D23-11212,A549-PEmax-H179R+,8,A549,H179R,True,False,5AF/5AR,4F/3R,4F,3R,TAACAGTT,CGGTTCGG,5AF,5AR,GCAGCTGTGGGTTGATTCCACACCCCCGCCCGGCACCCGCGTCCGCGCCATGGCCATCTACAAGCAGTCACAGCACATGACGGAGGTTGTGAGGCGCTGCCCCCACCATGAGCGCTGCTCAGATAGCGATGGTGAGCAGCT,AGCTGCTCACCATCGCTATCTGAGCAGCGCTCATGGTGGGGGCAGCGCCTCACAACCTCCGTCATGTGCTGTGACTGCTTGTAGATGGCCATGGCGCGGACGCGGGTGCCGGGCGGGGGTGTGGAATCAACCCACAGCTGC,GCAGCTGTGGGTTGATTCCACACCCCCGCCCGGCACCCGCGTCCGCGCCATGGCCATCTACAAGCAGTCACAGCACATGACGGAGGTTGTGAGGCGCTGCCCCCACCGTGAGCGCTGCTCAGATAGCGATGGTGAGCAGCT,AGCTGCTCACCATCGCTATCTGAGCAGCGCTCACGGTGGGGGCAGCGCCTCACAACCTCCGTCATGTGCTGTGACTGCTTGTAGATGGCCATGGCGCGGACGCGGGTGCCGGGCGGGGGTGTGGAATCAACCCACAGCTGC,4-137,4-137,AGCACATGACGGAGGTTGTG,peg_465
65,D23-11213,A549-PEmax-C135Y,10,A549,C135Y,False,False,5BF/5BR,4F/5R,4F,5R,TAACAGTT,GCCAAGTT,5BF,5BR,GTGCCCTGACTTTCAACTCTGTCTCCTTCCTCTTCCTACAGTACTCCCCTGCCCTCAACAAGATGTTTTGCCAACTGGCCAAGACCTGCCCTGTGCAGCTGTGGGTTGATTCCACA,TGTGGAATCAACCCACAGCTGCACAGGGCAGGTCTTGGCCAGTTGGCAAAACATCTTGTTGAGGGCAGGGGAGTACTGTAGGAAGAGGAAGGAGACAGAGTTGAAAGTCAGGGCAC,GTGCCCTGACTTTCAACTCTGTCTCCTTCCTCTTCCTACAGTACTCCCCTGCCCTCAACAAGATGTTTTACCAACTGGCCAAGACCTGCCCTGTGCAGCTGTGGGTTGATTCCACA,TGTGGAATCAACCCACAGCTGCACAGGGCAGGTCTTGGCCAGTTGGTAAAACATCTTGTTGAGGGCAGGGGAGTACTGTAGGAAGAGGAAGGAGACAGAGTTGAAAGTCAGGGCAC,4-112,4-112,CAGGGCAGGTCTTGGCCAGT,peg_885
66,D23-11214,A549-PEmax-R248L,11,A549,R248L,False,False,7F/7R,4F/6R,4F,6R,TAACAGTT,CGCAGACC,7F,7R,GGCTCTGACTGTACCACCATCCACTACAACTACATGTGTAACAGTTCCTGCATGGGCGGCATGAACCGGAGGCCCATCCTCACCATCATCACACTGGAAGACTCCAGGTCAGGAGCCACTTGCCAC,GTGGCAAGTGGCTCCTGACCTGGAGTCTTCCAGTGTGATGATGGTGAGGATGGGCCTCCGGTTCATGCCGCCCATGCAGGAACTGTTACACATGTAGTTGTAGTGGATGGTGGTACAGTCAGAGCC,GGCTCTGACTGTACCACCATCCACTACAACTACATGTGTAACAGTTCCTGCATGGGCGGCATGAACCTGAGGCCCATCCTCACCATCATCACACTGGAAGACTCCAGGTCAGGAGCCACTTGCCAC,GTGGCAAGTGGCTCCTGACCTGGAGTCTTCCAGTGTGATGATGGTGAGGATGGGCCTCAGGTTCATGCCGCCCATGCAGGAACTGTTACACATGTAGTTGTAGTGGATGGTGGTACAGTCAGAGCC,4-122,4-122,GCATGGGCGGCATGAACCGG,peg_1864
67,D23-11215,A549-PEmax-Y327Ter,15,A549,Y327Ter,False,False,9F/9R,4F/7R,4F,7R,TAACAGTT,CGACCTCC,9F,9R,TCCTTGCCTCTTTCCTAGCACTGCCCAACAACACCAGCTCCTCTCCCCAGCCAAAGAAGAAACCACTGGATGGAGAATATTTCACCCTTCAGGTACTAAGTCTTGGGACCTCTTATCAAGTGGAAAGTTT,AAACTTTCCACTTGATAAGAGGTCCCAAGACTTAGTACCTGAAGGGTGAAATATTCTCCATCCAGTGGTTTCTTCTTTGGCTGGGGAGAGGAGCTGGTGTTGTTGGGCAGTGCTAGGAAAGAGGCAAGGA,TCCTTGCCTCTTTCCTAGCACTGCCCAACAACACCAGCTCCTCTCCCCAGCCAAAGAAGAAACCACTGGATGGAGAATAGTTCACCCTTCAGGTACTAAGTCTTGGGACCTCTTATCAAGTGGAAAGTTT,AAACTTTCCACTTGATAAGAGGTCCCAAGACTTAGTACCTGAAGGGTGAACTATTCTCCATCCAGTGGTTTCTTCTTTGGCTGGGGAGAGGAGCTGGTGTTGTTGGGCAGTGCTAGGAAAGAGGCAAGGA,4-126,4-126,CCAAAGAAGAAACCACTGGA,peg_7449
68,D23-11216,A549-PEmax-T170M,17,A549,T170M,False,False,5AF/5AR,4F/8R,4F,8R,TAACAGTT,GCCACTGG,5AF,5AR,GCAGCTGTGGGTTGATTCCACACCCCCGCCCGGCACCCGCGTCCGCGCCATGGCCATCTACAAGCAGTCACAGCACATGACGGAGGTTGTGAGGCGCTGCCCCCACCATGAGCGCTGCTCAGATAGCGATGGTGAGCAGCT,AGCTGCTCACCATCGCTATCTGAGCAGCGCTCATGGTGGGGGCAGCGCCTCACAACCTCCGTCATGTGCTGTGACTGCTTGTAGATGGCCATGGCGCGGACGCGGGTGCCGGGCGGGGGTGTGGAATCAACCCACAGCTGC,GCAGCTGTGGGTTGATTCCACACCCCCGCCCGGCACCCGCGTCCGCGCCATGGCCATCTACAAGCAGTCACAGCACATGATGGAGGTTGTGAGGCGCTGCCCCCACCATGAGCGCTGCTCAGATAGCGATGGTGAGCAGCT,AGCTGCTCACCATCGCTATCTGAGCAGCGCTCATGGTGGGGGCAGCGCCTCACAACCTCCATCATGTGCTGTGACTGCTTGTAGATGGCCATGGCGCGGACGCGGGTGCCGGGCGGGGGTGTGGAATCAACCCACAGCTGC,4-137,4-137,GCAGTCACAGCACATGACGG,peg_9611
69,D23-11217,A549-PEmax-N345S,20,A549,N345S,False,False,10F/10R,4F/9R,4F,9R,TAACAGTT,GCGTAGTT,10F,10R,CCCTCCTCTGTTGCTGCAGATCCGTGGGCGTGAGCGCTTCGAGATGTTCCGAGAGCTGAATGAGGCCTTGGAACTCAAGGATGCCCAGGCTGGGAAGGAGCCAGGGGGGAGCAGGGCTCACTCCAGGT,ACCTGGAGTGAGCCCTGCTCCCCCCTGGCTCCTTCCCAGCCTGGGCATCCTTGAGTTCCAAGGCCTCATTCAGCTCTCGGAACATCTCGAAGCGCTCACGCCCACGGATCTGCAGCAACAGAGGAGGG,CCCTCCTCTGTTGCTGCAGATCCGTGGGCGTGAGCGCTTCGAGATGTTCCGAGAGCTGAGTGAGGCCTTGGAACTCAAGGATGCCCAGGCTGGGAAGGAGCCAGGGGGGAGCAGGGCTCACTCCAGGT,ACCTGGAGTGAGCCCTGCTCCCCCCTGGCTCCTTCCCAGCCTGGGCATCCTTGAGTTCCAAGGCCTCACTCAGCTCTCGGAACATCTCGAAGCGCTCACGCCCACGGATCTGCAGCAACAGAGGAGGG,4-124,4-124,GATGTTCCGAGAGCTGAATG,peg_14531
71,D23-11219,A549-PEmax-M40V,21,A549,M40V,False,False,4BF/4BR,4F/11R,4F,11R,TAACAGTT,CGACAGTT,4BF,4BR,CTGCTCTTTTCACCCATCTACAGTCCCCCTTGCCGTCCCAAGCAATGGATGATTTGATGCTGTCCCCGGACGATATTGAACAATGGTTCACTGAAGACCCAGGTCCAGATGAAGCTCCCAGAATGCCAGAGGCTGCT,AGCAGCCTCTGGCATTCTGGGAGCTTCATCTGGACCTGGGTCTTCAGTGAACCATTGTTCAATATCGTCCGGGGACAGCATCAAATCATCCATTGCTTGGGACGGCAAGGGGGACTGTAGATGGGTGAAAAGAGCAG,CTGCTCTTTTCACCCATCTACAGTCCCCCTTGCCGTCCCAAGCAGTGGATGATTTGATGCTGTCCCCGGACGATATTGAACAATGGTTCACTGAAGACCCAGGTCCAGATGAAGCTCCCAGAATGCCAGAGGCTGCT,AGCAGCCTCTGGCATTCTGGGAGCTTCATCTGGACCTGGGTCTTCAGTGAACCATTGTTCAATATCGTCCGGGGACAGCATCAAATCATCCACTGCTTGGGACGGCAAGGGGGACTGTAGATGGGTGAAAAGAGCAG,4-133,4-133,CCCCTTGCCGTCCCAAGCAA,peg_16602
73,D23-11221,A549-PEmax-P322HfsTer15,24,A549,P322HfsTer15,False,False,9F/9R,4F/13R,4F,13R,TAACAGTT,CGTGTCAA,9F,9R,TCCTTGCCTCTTTCCTAGCACTGCCCAACAACACCAGCTCCTCTCCCCAGCCAAAGAAGAAACCACTGGATGGAGAATATTTCACCCTTCAGGTACTAAGTCTTGGGACCTCTTATCAAGTGGAAAGTTT,AAACTTTCCACTTGATAAGAGGTCCCAAGACTTAGTACCTGAAGGGTGAAATATTCTCCATCCAGTGGTTTCTTCTTTGGCTGGGGAGAGGAGCTGGTGTTGTTGGGCAGTGCTAGGAAAGAGGCAAGGA,TCCTTGCCTCTTTCCTAGCACTGCCCAACAACACCAGCTCCTCTCCCCAGCCAAAGAAGAAACACACTGGATGGAGAATATTTCACCCTTCAGGTACTAAGTCTTGGGACCTCTTATCAAGTGGAAAGTTT,AAACTTTCCACTTGATAAGAGGTCCCAAGACTTAGTACCTGAAGGGTGAAATATTCTCCATCCAGTGTGTTTCTTCTTTGGCTGGGGAGAGGAGCTGGTGTTGTTGGGCAGTGCTAGGAAAGAGGCAAGGA,4-126,4-127,GTGAAATATTCTCCATCCAG,peg_21875
74,D23-11222,A549-PEmax-S106RfsTer16,26,A549,S106RfsTer16,False,False,4AF/4AR,4F/14R,4F,14R,TAACAGTT,GCGTTCTT,4AF,4AR,CAGAATGCCAGAGGCTGCTCCCCCCGTGGCCCCTGCACCAGCAGCTCCTACACCGGCGGCCCCTGCACCAGCCCCCTCCTGGCCCCTGTCATCTTCTGTCCCTTCCCAGAAAACCTACCAGGGCAGCTACGGTTTCCGTCTGGGCTTCTTG,CAAGAAGCCCAGACGGAAACCGTAGCTGCCCTGGTAGGTTTTCTGGGAAGGGACAGAAGATGACAGGGGCCAGGAGGGGGCTGGTGCAGGGGCCGCCGGTGTAGGAGCTGCTGGTGCAGGGGCCACGGGGGGAGCAGCCTCTGGCATTCTG,CAGAATGCCAGAGGCTGCTCCCCCCGTGGCCCCTGCACCAGCAGCTCCTACACCGGCGGCCCCTGCACCAGCCCCCTCCTGGCCCCTGTCATCTTCTGTCCCTTCCCAGAAAACCTACCAGGGCAGGGTTTCCGTCTGGGCTTCTTG,CAAGAAGCCCAGACGGAAACCCTGCCCTGGTAGGTTTTCTGGGAAGGGACAGAAGATGACAGGGGCCAGGAGGGGGCTGGTGCAGGGGCCGCCGGTGTAGGAGCTGCTGGTGCAGGGGCCACGGGGGGAGCAGCCTCTGGCATTCTG,4-147,4-143,AAAACCTACCAGGGCAGCTA,peg_25828
76,D23-11224,A549-PEmax-E258E,29,A549,E258E,False,False,7F/7R,4F/16R,4F,16R,TAACAGTT,GCACCTCC,7F,7R,GGCTCTGACTGTACCACCATCCACTACAACTACATGTGTAACAGTTCCTGCATGGGCGGCATGAACCGGAGGCCCATCCTCACCATCATCACACTGGAAGACTCCAGGTCAGGAGCCACTTGCCAC,GTGGCAAGTGGCTCCTGACCTGGAGTCTTCCAGTGTGATGATGGTGAGGATGGGCCTCCGGTTCATGCCGCCCATGCAGGAACTGTTACACATGTAGTTGTAGTGGATGGTGGTACAGTCAGAGCC,GGCTCTGACTGTACCACCATCCACTACAACTACATGTGTAACAGTTCCTGCATGGGCGGCATGAACCGGAGGCCCATCCTCACCATCATCACACTGGAGGACTCCAGGTCAGGAGCCACTTGCCAC,GTGGCAAGTGGCTCCTGACCTGGAGTCCTCCAGTGTGATGATGGTGAGGATGGGCCTCCGGTTCATGCCGCCCATGCAGGAACTGTTACACATGTAGTTGTAGTGGATGGTGGTACAGTCAGAGCC,4-122,4-122,CATCCTCACCATCATCACAC,peg_27888
77,D23-11225,A549-PEmax-G244NfsTer390,27,A549,G244NfsTer390,False,False,7F/7R,5F/1R,5F,1R,ATACTCAA,ATCAGATT,7F,7R,GGCTCTGACTGTACCACCATCCACTACAACTACATGTGTAACAGTTCCTGCATGGGCGGCATGAACCGGAGGCCCATCCTCACCATCATCACACTGGAAGACTCCAGGTCAGGAGCCACTTGCCAC,GTGGCAAGTGGCTCCTGACCTGGAGTCTTCCAGTGTGATGATGGTGAGGATGGGCCTCCGGTTCATGCCGCCCATGCAGGAACTGTTACACATGTAGTTGTAGTGGATGGTGGTACAGTCAGAGCC,GGCTCTGACTGTACCACCATCCACTACAACTACATGTGTAACAGTTCCTGCATGAACCGGAGGCCCATCCTCACCATCATCACACTGGAAGACTCCAGGTCAGGAGCCACTTGCCAC,GTGGCAAGTGGCTCCTGACCTGGAGTCTTCCAGTGTGATGATGGTGAGGATGGGCCTCCGGTTCATGCAGGAACTGTTACACATGTAGTTGTAGTGGATGGTGGTACAGTCAGAGCC,4-122,4-113,TGTAACAGTTCCTGCATGGG,peg_26576
78,D23-11226,hTP53-loxp-SV40LTmS-loxp-PEmax-R248G,13,hTP53-loxp-SV40LTms-loxP,R248G,False,False,7F/7R,5F/2R,5F,2R,ATACTCAA,TAGTGATT,7F,7R,GGCTCTGACTGTACCACCATCCACTACAACTACATGTGTAACAGTTCCTGCATGGGCGGCATGAACCGGAGGCCCATCCTCACCATCATCACACTGGAAGACTCCAGGTCAGGAGCCACTTGCCAC,GTGGCAAGTGGCTCCTGACCTGGAGTCTTCCAGTGTGATGATGGTGAGGATGGGCCTCCGGTTCATGCCGCCCATGCAGGAACTGTTACACATGTAGTTGTAGTGGATGGTGGTACAGTCAGAGCC,GGCTCTGACTGTACCACCATCCACTACAACTACATGTGTAACAGTTCCTGCATGGGCGGCATGAACGGGAGGCCCATCCTCACCATCATCACACTGGAAGACTCCAGGTCAGGAGCCACTTGCCAC,GTGGCAAGTGGCTCCTGACCTGGAGTCTTCCAGTGTGATGATGGTGAGGATGGGCCTCCCGTTCATGCCGCCCATGCAGGAACTGTTACACATGTAGTTGTAGTGGATGGTGGTACAGTCAGAGCC,4-122,4-122,GCATGGGCGGCATGAACCGG,peg_4583
