Sample_Num,Sample_ID_x,Reads_in_input,Reads_aligned_all_amplicons,WT,correct_edit,byproduct_all,byproduct_INDEL,byproduct_sub,byproduct_ambiguous,corr_perc,HGVSp,Sample_ID_y,Cell Line,Cell Line ID#,Cell Line.1,Variant,Nutlin,v1,PCR1_primers,PCR2 barcodes,index1,index2,bc1,bc2,PCR1_F,PCR1_R,amplicon_WT,amplicon_WT_rc,amplicon_CorrectEdit,amplicon_CorrectEdit_rc,wt_qwc,edit_qwc,protospacer,peg_id,corr_perc_D4,corr_perc_D16,corr_perc_D16-NUT,corr_perc_D25,corr_perc_D25-NUT,corr_perc_D34,corr_perc_D34-NUT
1,D23-11149,787821,786362,387029,266409,131922,15388,113184,3350,33.878671655039284,Y220C,D23-11149,A549-PEmax-Y220C-v1,5,A549,Y220C,False,True,6F/6R,1F/1R,1F,1R,CGGTTCAA,ATCAGATT,6F,6R,GATTCCTCACTGATTGCTCTTAGGTCTGGCCCCTCCTCAGCATCTTATCCGAGTGGAAGGAAATTTGCGTGTGGAGTATTTGGATGACAGAAACACTTTTCGACATAGTGTGGTGGTGCCCTATGAGCCGCCTGAGGTCTGGTTTGCAACTGGG,CCCAGTTGCAAACCAGACCTCAGGCGGCTCATAGGGCACCACCACACTATGTCGAAAAGTGTTTCTGTCATCCAAATACTCCACACGCAAATTTCCTTCCACTCGGATAAGATGCTGAGGAGGGGCCAGACCTAAGAGCAATCAGTGAGGAATC,GATTCCTCACTGATTGCTCTTAGGTCTGGCCCCTCCTCAGCATCTTATCCGAGTGGAAGGAAATTTGCGTGTGGAGTATTTGGATGACAGAAACACTTTTCGACATAGTGTGGTGGTGCCCTGTGAGCCGCCTGAGGTCTGGTTTGCAACTGGG,CCCAGTTGCAAACCAGACCTCAGGCGGCTCACAGGGCACCACCACACTATGTCGAAAAGTGTTTCTGTCATCCAAATACTCCACACGCAAATTTCCTTCCACTCGGATAAGATGCTGAGGAGGGGCCAGACCTAAGAGCAATCAGTGAGGAATC,4-150,4-150,CACTTTTCGACATAGTGTGG,peg_178,1.6163844788718884,10.312540865698969,11.669658886894076,14.362934362934364,21.22163206180589,21.801252207416923,28.6002159050018
2,D23-11150,737646,733288,436927,163895,131097,14332,113245,3520,22.35069986144598,Y220C,D23-11150,A549-PEmax-Y220C,5,A549,Y220C,False,False,6F/6R,2F/2R,2F,2R,GCTGGATT,TAGTGATT,6F,6R,GATTCCTCACTGATTGCTCTTAGGTCTGGCCCCTCCTCAGCATCTTATCCGAGTGGAAGGAAATTTGCGTGTGGAGTATTTGGATGACAGAAACACTTTTCGACATAGTGTGGTGGTGCCCTATGAGCCGCCTGAGGTCTGGTTTGCAACTGGG,CCCAGTTGCAAACCAGACCTCAGGCGGCTCATAGGGCACCACCACACTATGTCGAAAAGTGTTTCTGTCATCCAAATACTCCACACGCAAATTTCCTTCCACTCGGATAAGATGCTGAGGAGGGGCCAGACCTAAGAGCAATCAGTGAGGAATC,GATTCCTCACTGATTGCTCTTAGGTCTGGCCCCTCCTCAGCATCTTATCCGAGTGGAAGGAAATTTGCGTGTGGAGTATTTGGATGACAGAAACACTTTTCGACATAGTGTGGTGGTGCCCTGTGAGCCGCCTGAGGTCTGGTTTGCAACTGGG,CCCAGTTGCAAACCAGACCTCAGGCGGCTCACAGGGCACCACCACACTATGTCGAAAAGTGTTTCTGTCATCCAAATACTCCACACGCAAATTTCCTTCCACTCGGATAAGATGCTGAGGAGGGGCCAGACCTAAGAGCAATCAGTGAGGAATC,4-150,4-150,CACTTTTCGACATAGTGTGG,peg_178,1.6163844788718884,10.312540865698969,11.669658886894076,14.362934362934364,21.22163206180589,21.801252207416923,28.6002159050018
3,D23-11151,1467857,1462500,51261,1056763,340237,28570,301786,9881,72.25729914529914,Y220C,D23-11151,A549-PEmax-Y220C+,5,A549,Y220C,True,False,6F/6R,3F/3R,3F,3R,TAACTCGG,CGGTTCGG,6F,6R,GATTCCTCACTGATTGCTCTTAGGTCTGGCCCCTCCTCAGCATCTTATCCGAGTGGAAGGAAATTTGCGTGTGGAGTATTTGGATGACAGAAACACTTTTCGACATAGTGTGGTGGTGCCCTATGAGCCGCCTGAGGTCTGGTTTGCAACTGGG,CCCAGTTGCAAACCAGACCTCAGGCGGCTCATAGGGCACCACCACACTATGTCGAAAAGTGTTTCTGTCATCCAAATACTCCACACGCAAATTTCCTTCCACTCGGATAAGATGCTGAGGAGGGGCCAGACCTAAGAGCAATCAGTGAGGAATC,GATTCCTCACTGATTGCTCTTAGGTCTGGCCCCTCCTCAGCATCTTATCCGAGTGGAAGGAAATTTGCGTGTGGAGTATTTGGATGACAGAAACACTTTTCGACATAGTGTGGTGGTGCCCTGTGAGCCGCCTGAGGTCTGGTTTGCAACTGGG,CCCAGTTGCAAACCAGACCTCAGGCGGCTCACAGGGCACCACCACACTATGTCGAAAAGTGTTTCTGTCATCCAAATACTCCACACGCAAATTTCCTTCCACTCGGATAAGATGCTGAGGAGGGGCCAGACCTAAGAGCAATCAGTGAGGAATC,4-150,4-150,CACTTTTCGACATAGTGTGG,peg_178,1.6163844788718884,10.312540865698969,11.669658886894076,14.362934362934364,21.22163206180589,21.801252207416923,28.6002159050018
4,D23-11152,2238752,2236400,885837,866534,478048,63666,392423,21959,38.746825254873904,H179R,D23-11152,A549-PEmax-H179R-v1,8,A549,H179R,False,True,5AF/5AR,4F/4R,4F,4R,TAACAGTT,TATGGACC,5AF,5AR,GCAGCTGTGGGTTGATTCCACACCCCCGCCCGGCACCCGCGTCCGCGCCATGGCCATCTACAAGCAGTCACAGCACATGACGGAGGTTGTGAGGCGCTGCCCCCACCATGAGCGCTGCTCAGATAGCGATGGTGAGCAGCT,AGCTGCTCACCATCGCTATCTGAGCAGCGCTCATGGTGGGGGCAGCGCCTCACAACCTCCGTCATGTGCTGTGACTGCTTGTAGATGGCCATGGCGCGGACGCGGGTGCCGGGCGGGGGTGTGGAATCAACCCACAGCTGC,GCAGCTGTGGGTTGATTCCACACCCCCGCCCGGCACCCGCGTCCGCGCCATGGCCATCTACAAGCAGTCACAGCACATGACGGAGGTTGTGAGGCGCTGCCCCCACCGTGAGCGCTGCTCAGATAGCGATGGTGAGCAGCT,AGCTGCTCACCATCGCTATCTGAGCAGCGCTCACGGTGGGGGCAGCGCCTCACAACCTCCGTCATGTGCTGTGACTGCTTGTAGATGGCCATGGCGCGGACGCGGGTGCCGGGCGGGGGTGTGGAATCAACCCACAGCTGC,4-137,4-137,AGCACATGACGGAGGTTGTG,peg_465,11.104294478527608,41.61524749760044,50.59288537549407,54.1656942823804,69.00749063670412,62.26228209191759,78.64160615121743
5,D23-11153,1384534,1383257,387331,768405,225655,27631,192602,5422,55.55041470963097,I195T,D23-11153,A549-PEmax-I195T-v1,9,A549,I195T,False,True,6F/6R,5F/5R,5F,5R,ATACTCAA,GCCAAGTT,6F,6R,GATTCCTCACTGATTGCTCTTAGGTCTGGCCCCTCCTCAGCATCTTATCCGAGTGGAAGGAAATTTGCGTGTGGAGTATTTGGATGACAGAAACACTTTTCGACATAGTGTGGTGGTGCCCTATGAGCCGCCTGAGGTCTGGTTTGCAACTGGG,CCCAGTTGCAAACCAGACCTCAGGCGGCTCATAGGGCACCACCACACTATGTCGAAAAGTGTTTCTGTCATCCAAATACTCCACACGCAAATTTCCTTCCACTCGGATAAGATGCTGAGGAGGGGCCAGACCTAAGAGCAATCAGTGAGGAATC,GATTCCTCACTGATTGCTCTTAGGTCTGGCCCCTCCTCAGCATCTTACCCGAGTGGAAGGAAATTTGCGTGTGGAGTATTTGGATGACAGAAACACTTTTCGACATAGTGTGGTGGTGCCCTATGAGCCGCCTGAGGTCTGGTTTGCAACTGGG,CCCAGTTGCAAACCAGACCTCAGGCGGCTCATAGGGCACCACCACACTATGTCGAAAAGTGTTTCTGTCATCCAAATACTCCACACGCAAATTTCCTTCCACTCGGGTAAGATGCTGAGGAGGGGCCAGACCTAAGAGCAATCAGTGAGGAATC,4-150,4-150,CACGCAAATTTCCTTCCACT,peg_683,0.0,0.48,0.0,0.4081632653061224,0.0,0.522466039707419,0.2941176470588235
6,D23-11154,838423,838166,256416,430664,148220,17085,127393,3742,51.381707203584966,I195T,D23-11154,A549-PEmax-I195T,9,A549,I195T,False,False,6F/6R,6F/6R,6F,6R,GCTGAGAA,CGCAGACC,6F,6R,GATTCCTCACTGATTGCTCTTAGGTCTGGCCCCTCCTCAGCATCTTATCCGAGTGGAAGGAAATTTGCGTGTGGAGTATTTGGATGACAGAAACACTTTTCGACATAGTGTGGTGGTGCCCTATGAGCCGCCTGAGGTCTGGTTTGCAACTGGG,CCCAGTTGCAAACCAGACCTCAGGCGGCTCATAGGGCACCACCACACTATGTCGAAAAGTGTTTCTGTCATCCAAATACTCCACACGCAAATTTCCTTCCACTCGGATAAGATGCTGAGGAGGGGCCAGACCTAAGAGCAATCAGTGAGGAATC,GATTCCTCACTGATTGCTCTTAGGTCTGGCCCCTCCTCAGCATCTTACCCGAGTGGAAGGAAATTTGCGTGTGGAGTATTTGGATGACAGAAACACTTTTCGACATAGTGTGGTGGTGCCCTATGAGCCGCCTGAGGTCTGGTTTGCAACTGGG,CCCAGTTGCAAACCAGACCTCAGGCGGCTCATAGGGCACCACCACACTATGTCGAAAAGTGTTTCTGTCATCCAAATACTCCACACGCAAATTTCCTTCCACTCGGGTAAGATGCTGAGGAGGGGCCAGACCTAAGAGCAATCAGTGAGGAATC,4-150,4-150,CACGCAAATTTCCTTCCACT,peg_683,0.0,0.48,0.0,0.4081632653061224,0.0,0.522466039707419,0.2941176470588235
7,D23-11155,574247,574188,2907,466935,101733,13852,84842,3039,81.3209262471525,I195T,D23-11155,A549-PEmax-I195T+,9,A549,I195T,True,False,6F/6R,7F/7R,7F,7R,ATTGGAGG,CGACCTCC,6F,6R,GATTCCTCACTGATTGCTCTTAGGTCTGGCCCCTCCTCAGCATCTTATCCGAGTGGAAGGAAATTTGCGTGTGGAGTATTTGGATGACAGAAACACTTTTCGACATAGTGTGGTGGTGCCCTATGAGCCGCCTGAGGTCTGGTTTGCAACTGGG,CCCAGTTGCAAACCAGACCTCAGGCGGCTCATAGGGCACCACCACACTATGTCGAAAAGTGTTTCTGTCATCCAAATACTCCACACGCAAATTTCCTTCCACTCGGATAAGATGCTGAGGAGGGGCCAGACCTAAGAGCAATCAGTGAGGAATC,GATTCCTCACTGATTGCTCTTAGGTCTGGCCCCTCCTCAGCATCTTACCCGAGTGGAAGGAAATTTGCGTGTGGAGTATTTGGATGACAGAAACACTTTTCGACATAGTGTGGTGGTGCCCTATGAGCCGCCTGAGGTCTGGTTTGCAACTGGG,CCCAGTTGCAAACCAGACCTCAGGCGGCTCATAGGGCACCACCACACTATGTCGAAAAGTGTTTCTGTCATCCAAATACTCCACACGCAAATTTCCTTCCACTCGGGTAAGATGCTGAGGAGGGGCCAGACCTAAGAGCAATCAGTGAGGAATC,4-150,4-150,CACGCAAATTTCCTTCCACT,peg_683,0.0,0.48,0.0,0.4081632653061224,0.0,0.522466039707419,0.2941176470588235
8,D23-11156,1540122,1540021,1407336,366,131901,32845,96598,2458,0.023765909685647145,C135Y,D23-11156,A549-PEmax-C135Y-v1,10,A549,C135Y,False,True,5BF/5BR,8F/8R,8F,8R,TAGTCTAA,GCCACTGG,5BF,5BR,GTGCCCTGACTTTCAACTCTGTCTCCTTCCTCTTCCTACAGTACTCCCCTGCCCTCAACAAGATGTTTTGCCAACTGGCCAAGACCTGCCCTGTGCAGCTGTGGGTTGATTCCACA,TGTGGAATCAACCCACAGCTGCACAGGGCAGGTCTTGGCCAGTTGGCAAAACATCTTGTTGAGGGCAGGGGAGTACTGTAGGAAGAGGAAGGAGACAGAGTTGAAAGTCAGGGCAC,GTGCCCTGACTTTCAACTCTGTCTCCTTCCTCTTCCTACAGTACTCCCCTGCCCTCAACAAGATGTTTTACCAACTGGCCAAGACCTGCCCTGTGCAGCTGTGGGTTGATTCCACA,TGTGGAATCAACCCACAGCTGCACAGGGCAGGTCTTGGCCAGTTGGTAAAACATCTTGTTGAGGGCAGGGGAGTACTGTAGGAAGAGGAAGGAGACAGAGTTGAAAGTCAGGGCAC,4-112,4-112,CAGGGCAGGTCTTGGCCAGT,peg_885,0.0,0.0535618639528655,0.0,0.3498385360602798,0.0,0.402067777139575,0.6455083378160301
9,D23-11157,1163373,1162995,908699,117456,135779,26965,105565,3249,10.099441528123508,R273P,D23-11157,A549-PEmax-R273P,12,A549,R273P,False,False,8F/8R,9F/9R,9F,9R,CGGTGACC,GCGTAGTT,8F,8R,GGACGGAACAGCTTTGAGGTGCGTGTTTGTGCCTGTCCTGGGAGAGACCGGCGCACAGAGGAAGAGAATCTCCGCAAGAAAGGGGAGCCTCACCACGAGCTGCCCCCAGGGAGCACTAAGCGAGGTAAGCA,TGCTTACCTCGCTTAGTGCTCCCTGGGGGCAGCTCGTGGTGAGGCTCCCCTTTCTTGCGGAGATTCTCTTCCTCTGTGCGCCGGTCTCTCCCAGGACAGGCACAAACACGCACCTCAAAGCTGTTCCGTCC,GGACGGAACAGCTTTGAGGTGCCTGTTTGTGCCTGTCCTGGGAGAGACCGGCGCACAGAGGAAGAGAATCTCCGCAAGAAAGGGGAGCCTCACCACGAGCTGCCCCCAGGGAGCACTAAGCGAGGTAAGCA,TGCTTACCTCGCTTAGTGCTCCCTGGGGGCAGCTCGTGGTGAGGCTCCCCTTTCTTGCGGAGATTCTCTTCCTCTGTGCGCCGGTCTCTCCCAGGACAGGCACAAACAGGCACCTCAAAGCTGTTCCGTCC,4-127,4-127,ACTGGGACGGAACAGCTTTG,peg_4127,2.2271714922049,11.141552511415526,24.489795918367346,19.411296738265712,33.72549019607843,23.865698729582576,34.68354430379747
10,D23-11158,1380823,1374941,868448,320438,181627,30847,144602,6178,23.30558183951166,R248G,D23-11158,A549-PEmax-R248G,13,A549,R248G,False,False,7F/7R,10F/10R,10F,10R,TACAGAGG,CGCAAGTT,7F,7R,GGCTCTGACTGTACCACCATCCACTACAACTACATGTGTAACAGTTCCTGCATGGGCGGCATGAACCGGAGGCCCATCCTCACCATCATCACACTGGAAGACTCCAGGTCAGGAGCCACTTGCCAC,GTGGCAAGTGGCTCCTGACCTGGAGTCTTCCAGTGTGATGATGGTGAGGATGGGCCTCCGGTTCATGCCGCCCATGCAGGAACTGTTACACATGTAGTTGTAGTGGATGGTGGTACAGTCAGAGCC,GGCTCTGACTGTACCACCATCCACTACAACTACATGTGTAACAGTTCCTGCATGGGCGGCATGAACGGGAGGCCCATCCTCACCATCATCACACTGGAAGACTCCAGGTCAGGAGCCACTTGCCAC,GTGGCAAGTGGCTCCTGACCTGGAGTCTTCCAGTGTGATGATGGTGAGGATGGGCCTCCCGTTCATGCCGCCCATGCAGGAACTGTTACACATGTAGTTGTAGTGGATGGTGGTACAGTCAGAGCC,4-122,4-122,GCATGGGCGGCATGAACCGG,peg_4583,8.411214953271028,34.71223021582734,26.5625,55.27210884353742,28.06122448979592,54.65587044534413,26.964732018883645
11,D23-11159,1117057,1098213,282557,547176,259167,85012,146565,27590,49.824214428348604,R248G,D23-11159,A549-PEmax-R248G+,13,A549,R248G,True,False,7F/7R,11F/11R,11F,11R,ATTGTCAA,CGACAGTT,7F,7R,GGCTCTGACTGTACCACCATCCACTACAACTACATGTGTAACAGTTCCTGCATGGGCGGCATGAACCGGAGGCCCATCCTCACCATCATCACACTGGAAGACTCCAGGTCAGGAGCCACTTGCCAC,GTGGCAAGTGGCTCCTGACCTGGAGTCTTCCAGTGTGATGATGGTGAGGATGGGCCTCCGGTTCATGCCGCCCATGCAGGAACTGTTACACATGTAGTTGTAGTGGATGGTGGTACAGTCAGAGCC,GGCTCTGACTGTACCACCATCCACTACAACTACATGTGTAACAGTTCCTGCATGGGCGGCATGAACGGGAGGCCCATCCTCACCATCATCACACTGGAAGACTCCAGGTCAGGAGCCACTTGCCAC,GTGGCAAGTGGCTCCTGACCTGGAGTCTTCCAGTGTGATGATGGTGAGGATGGGCCTCCCGTTCATGCCGCCCATGCAGGAACTGTTACACATGTAGTTGTAGTGGATGGTGGTACAGTCAGAGCC,4-122,4-122,GCATGGGCGGCATGAACCGG,peg_4583,8.411214953271028,34.71223021582734,26.5625,55.27210884353742,28.06122448979592,54.65587044534413,26.964732018883645
12,D23-11160,1663219,1652003,716693,655889,259261,61604,178274,19383,39.70265187169757,R248P,D23-11160,A549-PEmax-R248P,14,A549,R248P,False,False,7F/7R,12F/12R,12F,12R,TATGTCTT,TAGTAGCC,7F,7R,GGCTCTGACTGTACCACCATCCACTACAACTACATGTGTAACAGTTCCTGCATGGGCGGCATGAACCGGAGGCCCATCCTCACCATCATCACACTGGAAGACTCCAGGTCAGGAGCCACTTGCCAC,GTGGCAAGTGGCTCCTGACCTGGAGTCTTCCAGTGTGATGATGGTGAGGATGGGCCTCCGGTTCATGCCGCCCATGCAGGAACTGTTACACATGTAGTTGTAGTGGATGGTGGTACAGTCAGAGCC,GGCTCTGACTGTACCACCATCCACTACAACTACATGTGTAACAGTTCCTGCATGGGCGGCATGAACCCGAGGCCCATCCTCACCATCATCACACTGGAAGACTCCAGGTCAGGAGCCACTTGCCAC,GTGGCAAGTGGCTCCTGACCTGGAGTCTTCCAGTGTGATGATGGTGAGGATGGGCCTCGGGTTCATGCCGCCCATGCAGGAACTGTTACACATGTAGTTGTAGTGGATGGTGGTACAGTCAGAGCC,4-122,4-122,GCATGGGCGGCATGAACCGG,peg_6764,16.483516483516482,37.32970027247956,13.636363636363637,39.6039603960396,14.414414414414416,42.67161410018553,16.149347728295098
13,D23-11161,1608786,1599435,80721,1231102,266399,80834,164789,20776,76.97105540393952,R248P,D23-11161,A549-PEmax-R248P+,14,A549,R248P,True,False,7F/7R,13F/13R,13F,13R,ATTGGATT,CGTGTCAA,7F,7R,GGCTCTGACTGTACCACCATCCACTACAACTACATGTGTAACAGTTCCTGCATGGGCGGCATGAACCGGAGGCCCATCCTCACCATCATCACACTGGAAGACTCCAGGTCAGGAGCCACTTGCCAC,GTGGCAAGTGGCTCCTGACCTGGAGTCTTCCAGTGTGATGATGGTGAGGATGGGCCTCCGGTTCATGCCGCCCATGCAGGAACTGTTACACATGTAGTTGTAGTGGATGGTGGTACAGTCAGAGCC,GGCTCTGACTGTACCACCATCCACTACAACTACATGTGTAACAGTTCCTGCATGGGCGGCATGAACCCGAGGCCCATCCTCACCATCATCACACTGGAAGACTCCAGGTCAGGAGCCACTTGCCAC,GTGGCAAGTGGCTCCTGACCTGGAGTCTTCCAGTGTGATGATGGTGAGGATGGGCCTCGGGTTCATGCCGCCCATGCAGGAACTGTTACACATGTAGTTGTAGTGGATGGTGGTACAGTCAGAGCC,4-122,4-122,GCATGGGCGGCATGAACCGG,peg_6764,16.483516483516482,37.32970027247956,13.636363636363637,39.6039603960396,14.414414414414416,42.67161410018553,16.149347728295098
14,D23-11162,1256942,1255009,254975,763435,234866,26079,202594,6193,60.8310378650671,R196P,D23-11162,A549-PEmax-R196P-v1,16,A549,R196P,False,True,6F/6R,14F/14R,14F,14R,ATACTCGG,GCGTTCTT,6F,6R,GATTCCTCACTGATTGCTCTTAGGTCTGGCCCCTCCTCAGCATCTTATCCGAGTGGAAGGAAATTTGCGTGTGGAGTATTTGGATGACAGAAACACTTTTCGACATAGTGTGGTGGTGCCCTATGAGCCGCCTGAGGTCTGGTTTGCAACTGGG,CCCAGTTGCAAACCAGACCTCAGGCGGCTCATAGGGCACCACCACACTATGTCGAAAAGTGTTTCTGTCATCCAAATACTCCACACGCAAATTTCCTTCCACTCGGATAAGATGCTGAGGAGGGGCCAGACCTAAGAGCAATCAGTGAGGAATC,GATTCCTCACTGATTGCTCTTAGGTCTGGCCCCTCCTCAGCATCTTATCCCAGTGGAAGGAAATTTGCGTGTGGAGTATTTGGATGACAGAAACACTTTTCGACATAGTGTGGTGGTGCCCTATGAGCCGCCTGAGGTCTGGTTTGCAACTGGG,CCCAGTTGCAAACCAGACCTCAGGCGGCTCATAGGGCACCACCACACTATGTCGAAAAGTGTTTCTGTCATCCAAATACTCCACACGCAAATTTCCTTCCACTGGGATAAGATGCTGAGGAGGGGCCAGACCTAAGAGCAATCAGTGAGGAATC,4-150,4-150,TCCTCAGCATCTTATCCGAG,peg_8247,18.05263157894737,55.95312826951245,63.50283880523328,65.66819271855243,72.83262561924982,74.41161272137924,76.30491394927536
15,D23-11163,998563,995724,304232,504739,185258,20326,160029,4903,50.69065323322527,R196P,D23-11163,A549-PEmax-R196P,16,A549,R196P,False,False,6F/6R,15F/15R,15F,15R,TATGAGAA,GCCAAGCC,6F,6R,GATTCCTCACTGATTGCTCTTAGGTCTGGCCCCTCCTCAGCATCTTATCCGAGTGGAAGGAAATTTGCGTGTGGAGTATTTGGATGACAGAAACACTTTTCGACATAGTGTGGTGGTGCCCTATGAGCCGCCTGAGGTCTGGTTTGCAACTGGG,CCCAGTTGCAAACCAGACCTCAGGCGGCTCATAGGGCACCACCACACTATGTCGAAAAGTGTTTCTGTCATCCAAATACTCCACACGCAAATTTCCTTCCACTCGGATAAGATGCTGAGGAGGGGCCAGACCTAAGAGCAATCAGTGAGGAATC,GATTCCTCACTGATTGCTCTTAGGTCTGGCCCCTCCTCAGCATCTTATCCCAGTGGAAGGAAATTTGCGTGTGGAGTATTTGGATGACAGAAACACTTTTCGACATAGTGTGGTGGTGCCCTATGAGCCGCCTGAGGTCTGGTTTGCAACTGGG,CCCAGTTGCAAACCAGACCTCAGGCGGCTCATAGGGCACCACCACACTATGTCGAAAAGTGTTTCTGTCATCCAAATACTCCACACGCAAATTTCCTTCCACTGGGATAAGATGCTGAGGAGGGGCCAGACCTAAGAGCAATCAGTGAGGAATC,4-150,4-150,TCCTCAGCATCTTATCCGAG,peg_8247,18.05263157894737,55.95312826951245,63.50283880523328,65.66819271855243,72.83262561924982,74.41161272137924,76.30491394927536
16,D23-11164,1679995,1678178,8640,1374967,291688,38827,244581,8280,81.93213115652809,R196P,D23-11164,A549-PEmax-R196P+,16,A549,R196P,True,False,6F/6R,16F/16R,16F,16R,TAACTCAA,GCACCTCC,6F,6R,GATTCCTCACTGATTGCTCTTAGGTCTGGCCCCTCCTCAGCATCTTATCCGAGTGGAAGGAAATTTGCGTGTGGAGTATTTGGATGACAGAAACACTTTTCGACATAGTGTGGTGGTGCCCTATGAGCCGCCTGAGGTCTGGTTTGCAACTGGG,CCCAGTTGCAAACCAGACCTCAGGCGGCTCATAGGGCACCACCACACTATGTCGAAAAGTGTTTCTGTCATCCAAATACTCCACACGCAAATTTCCTTCCACTCGGATAAGATGCTGAGGAGGGGCCAGACCTAAGAGCAATCAGTGAGGAATC,GATTCCTCACTGATTGCTCTTAGGTCTGGCCCCTCCTCAGCATCTTATCCCAGTGGAAGGAAATTTGCGTGTGGAGTATTTGGATGACAGAAACACTTTTCGACATAGTGTGGTGGTGCCCTATGAGCCGCCTGAGGTCTGGTTTGCAACTGGG,CCCAGTTGCAAACCAGACCTCAGGCGGCTCATAGGGCACCACCACACTATGTCGAAAAGTGTTTCTGTCATCCAAATACTCCACACGCAAATTTCCTTCCACTGGGATAAGATGCTGAGGAGGGGCCAGACCTAAGAGCAATCAGTGAGGAATC,4-150,4-150,TCCTCAGCATCTTATCCGAG,peg_8247,18.05263157894737,55.95312826951245,63.50283880523328,65.66819271855243,72.83262561924982,74.41161272137924,76.30491394927536
17,D23-11165,952138,944450,814355,23718,106236,11334,93512,1390,2.511302874688972,A347D,D23-11165,A549-PEmax-A347D,18,A549,A347D,False,False,10F/10R,1F/2R,1F,2R,CGGTTCAA,TAGTGATT,10F,10R,CCCTCCTCTGTTGCTGCAGATCCGTGGGCGTGAGCGCTTCGAGATGTTCCGAGAGCTGAATGAGGCCTTGGAACTCAAGGATGCCCAGGCTGGGAAGGAGCCAGGGGGGAGCAGGGCTCACTCCAGGT,ACCTGGAGTGAGCCCTGCTCCCCCCTGGCTCCTTCCCAGCCTGGGCATCCTTGAGTTCCAAGGCCTCATTCAGCTCTCGGAACATCTCGAAGCGCTCACGCCCACGGATCTGCAGCAACAGAGGAGGG,CCCTCCTCTGTTGCTGCAGATCCGTGGGCGTGAGCGCTTCGAGATGTTCCGAGAGCTGAATGAGGACTTGGAACTCAAGGATGCCCAGGCTGGGAAGGAGCCAGGGGGGAGCAGGGCTCACTCCAGGT,ACCTGGAGTGAGCCCTGCTCCCCCCTGGCTCCTTCCCAGCCTGGGCATCCTTGAGTTCCAAGTCCTCATTCAGCTCTCGGAACATCTCGAAGCGCTCACGCCCACGGATCTGCAGCAACAGAGGAGGG,4-124,4-124,CTGGGCATCCTTGAGTTCCA,peg_12022,0.0,0.0,0.0,0.0,0.0,0.0,0.0
18,D23-11166,1206512,1189886,58712,961479,169208,13218,153594,2396,80.8042955375557,A347P,D23-11166,A549-PEmax-A347P,19,A549,A347P,False,False,10F/10R,1F/3R,1F,3R,CGGTTCAA,CGGTTCGG,10F,10R,CCCTCCTCTGTTGCTGCAGATCCGTGGGCGTGAGCGCTTCGAGATGTTCCGAGAGCTGAATGAGGCCTTGGAACTCAAGGATGCCCAGGCTGGGAAGGAGCCAGGGGGGAGCAGGGCTCACTCCAGGT,ACCTGGAGTGAGCCCTGCTCCCCCCTGGCTCCTTCCCAGCCTGGGCATCCTTGAGTTCCAAGGCCTCATTCAGCTCTCGGAACATCTCGAAGCGCTCACGCCCACGGATCTGCAGCAACAGAGGAGGG,CCCTCCTCTGTTGCTGCAGATCCGTGGGCGTGAGCGCTTCGAGATGTTCCGAGAGCTGAATGAGCCCTTGGAACTCAAGGATGCCCAGGCTGGGAAGGAGCCAGGGGGGAGCAGGGCTCACTCCAGGT,ACCTGGAGTGAGCCCTGCTCCCCCCTGGCTCCTTCCCAGCCTGGGCATCCTTGAGTTCCAAGGGCTCATTCAGCTCTCGGAACATCTCGAAGCGCTCACGCCCACGGATCTGCAGCAACAGAGGAGGG,4-124,4-124,GATGTTCCGAGAGCTGAATG,peg_12868,37.32133403917417,73.13566936208446,80.3042934556065,80.15686274509804,78.20359281437126,80.83195462065706,78.01424178669687
19,D23-11167,896027,893042,1038,774122,117392,10276,105461,1655,86.68371700323165,A347P,D23-11167,A549-PEmax-A347P+,19,A549,A347P,True,False,10F/10R,1F/4R,1F,4R,CGGTTCAA,TATGGACC,10F,10R,CCCTCCTCTGTTGCTGCAGATCCGTGGGCGTGAGCGCTTCGAGATGTTCCGAGAGCTGAATGAGGCCTTGGAACTCAAGGATGCCCAGGCTGGGAAGGAGCCAGGGGGGAGCAGGGCTCACTCCAGGT,ACCTGGAGTGAGCCCTGCTCCCCCCTGGCTCCTTCCCAGCCTGGGCATCCTTGAGTTCCAAGGCCTCATTCAGCTCTCGGAACATCTCGAAGCGCTCACGCCCACGGATCTGCAGCAACAGAGGAGGG,CCCTCCTCTGTTGCTGCAGATCCGTGGGCGTGAGCGCTTCGAGATGTTCCGAGAGCTGAATGAGCCCTTGGAACTCAAGGATGCCCAGGCTGGGAAGGAGCCAGGGGGGAGCAGGGCTCACTCCAGGT,ACCTGGAGTGAGCCCTGCTCCCCCCTGGCTCCTTCCCAGCCTGGGCATCCTTGAGTTCCAAGGGCTCATTCAGCTCTCGGAACATCTCGAAGCGCTCACGCCCACGGATCTGCAGCAACAGAGGAGGG,4-124,4-124,GATGTTCCGAGAGCTGAATG,peg_12868,37.32133403917417,73.13566936208446,80.3042934556065,80.15686274509804,78.20359281437126,80.83195462065706,78.01424178669687
20,D23-11168,1358092,1346443,483894,592701,262747,67638,145797,49312,44.019761698044405,M40V,D23-11168,A549-PEmax-M40V,21,A549,M40V,False,False,4BF/4BR,1F/5R,1F,5R,CGGTTCAA,GCCAAGTT,4BF,4BR,CTGCTCTTTTCACCCATCTACAGTCCCCCTTGCCGTCCCAAGCAATGGATGATTTGATGCTGTCCCCGGACGATATTGAACAATGGTTCACTGAAGACCCAGGTCCAGATGAAGCTCCCAGAATGCCAGAGGCTGCT,AGCAGCCTCTGGCATTCTGGGAGCTTCATCTGGACCTGGGTCTTCAGTGAACCATTGTTCAATATCGTCCGGGGACAGCATCAAATCATCCATTGCTTGGGACGGCAAGGGGGACTGTAGATGGGTGAAAAGAGCAG,CTGCTCTTTTCACCCATCTACAGTCCCCCTTGCCGTCCCAAGCAGTGGATGATTTGATGCTGTCCCCGGACGATATTGAACAATGGTTCACTGAAGACCCAGGTCCAGATGAAGCTCCCAGAATGCCAGAGGCTGCT,AGCAGCCTCTGGCATTCTGGGAGCTTCATCTGGACCTGGGTCTTCAGTGAACCATTGTTCAATATCGTCCGGGGACAGCATCAAATCATCCACTGCTTGGGACGGCAAGGGGGACTGTAGATGGGTGAAAAGAGCAG,4-133,4-133,CCCCTTGCCGTCCCAAGCAA,peg_16602,8.653846153846153,36.93693693693694,36.492890995260666,44.11764705882353,51.282051282051285,44.73684210526316,52.94117647058823
21,D23-11169,978413,974492,848133,29449,96513,9733,85713,1067,3.021984787971579,G325A,D23-11169,A549-PEmax-G325A,22,A549,G325A,False,False,9F/9R,1F/6R,1F,6R,CGGTTCAA,CGCAGACC,9F,9R,TCCTTGCCTCTTTCCTAGCACTGCCCAACAACACCAGCTCCTCTCCCCAGCCAAAGAAGAAACCACTGGATGGAGAATATTTCACCCTTCAGGTACTAAGTCTTGGGACCTCTTATCAAGTGGAAAGTTT,AAACTTTCCACTTGATAAGAGGTCCCAAGACTTAGTACCTGAAGGGTGAAATATTCTCCATCCAGTGGTTTCTTCTTTGGCTGGGGAGAGGAGCTGGTGTTGTTGGGCAGTGCTAGGAAAGAGGCAAGGA,TCCTTGCCTCTTTCCTAGCACTGCCCAACAACACCAGCTCCTCTCCCCAGCCAAAGAAGAAACCACTGGATGCAGAATATTTCACCCTTCAGGTACTAAGTCTTGGGACCTCTTATCAAGTGGAAAGTTT,AAACTTTCCACTTGATAAGAGGTCCCAAGACTTAGTACCTGAAGGGTGAAATATTCTGCATCCAGTGGTTTCTTCTTTGGCTGGGGAGAGGAGCTGGTGTTGTTGGGCAGTGCTAGGAAAGAGGCAAGGA,4-126,4-126,CCAAAGAAGAAACCACTGGA,peg_18555,0.0,4.545454545454546,0.0,12.76595744680851,0.0,18.181818181818183,0.0
22,D23-11170,547108,538567,3,1,538563,17,510353,28193,0.00018567791936750674,P82LfsTer69,D23-11170,A549-PEmax-P82LfsTer69,23,A549,P82LfsTer69,False,False,4AF/4AR,1F/7R,1F,7R,CGGTTCAA,CGACCTCC,4AF,4AR,CAGAATGCCAGAGGCTGCTCCCCCCGTGGCCCCTGCACCAGCAGCTCCTACACCGGCGGCCCCTGCACCAGCCCCCTCCTGGCCCCTGTCATCTTCTGTCCCTTCCCAGAAAACCTACCAGGGCAGCTACGGTTTCCGTCTGGGCTTCTTG,CAAGAAGCCCAGACGGAAACCGTAGCTGCCCTGGTAGGTTTTCTGGGAAGGGACAGAAGATGACAGGGGCCAGGAGGGGGCTGGTGCAGGGGCCGCCGGTGTAGGAGCTGCTGGTGCAGGGGCCACGGGGGGAGCAGCCTCTGGCATTCTG,CAGAATGCCAGAGGCTGCTCCCCCCGTGGCCCCTGCACCAGCAGCTCCTACGCTCCTAACCGGCGGCCCCTGCACCAGCCCCCTCCTGGCCCCTGTCATCTTCTGTCCCTTCCCAGAAAACCTACCAGGGCAGCTACGGTTTCCGTCTGGGCTTCTTG,CAAGAAGCCCAGACGGAAACCGTAGCTGCCCTGGTAGGTTTTCTGGGAAGGGACAGAAGATGACAGGGGCCAGGAGGGGGCTGGTGCAGGGGCCGCCGGTTAGGAGCGTAGGAGCTGCTGGTGCAGGGGCCACGGGGGGAGCAGCCTCTGGCATTCTG,4-147,4-154,TGCACCAGCAGCTCCTACAC,peg_21343,8.203991130820398,29.587036069001567,15.925141242937851,48.36363636363637,27.48201438848921,49.40736119775421,26.9748816891154
23,D23-11171,465199,459394,18,4,459372,4,435607,23761,0.0008707122861857142,P82LfsTer69,D23-11171,A549-PEmax-P82LfsTer69+,23,A549,P82LfsTer69,True,False,4AF/4AR,1F/8R,1F,8R,CGGTTCAA,GCCACTGG,4AF,4AR,CAGAATGCCAGAGGCTGCTCCCCCCGTGGCCCCTGCACCAGCAGCTCCTACACCGGCGGCCCCTGCACCAGCCCCCTCCTGGCCCCTGTCATCTTCTGTCCCTTCCCAGAAAACCTACCAGGGCAGCTACGGTTTCCGTCTGGGCTTCTTG,CAAGAAGCCCAGACGGAAACCGTAGCTGCCCTGGTAGGTTTTCTGGGAAGGGACAGAAGATGACAGGGGCCAGGAGGGGGCTGGTGCAGGGGCCGCCGGTGTAGGAGCTGCTGGTGCAGGGGCCACGGGGGGAGCAGCCTCTGGCATTCTG,CAGAATGCCAGAGGCTGCTCCCCCCGTGGCCCCTGCACCAGCAGCTCCTACGCTCCTAACCGGCGGCCCCTGCACCAGCCCCCTCCTGGCCCCTGTCATCTTCTGTCCCTTCCCAGAAAACCTACCAGGGCAGCTACGGTTTCCGTCTGGGCTTCTTG,CAAGAAGCCCAGACGGAAACCGTAGCTGCCCTGGTAGGTTTTCTGGGAAGGGACAGAAGATGACAGGGGCCAGGAGGGGGCTGGTGCAGGGGCCGCCGGTTAGGAGCGTAGGAGCTGCTGGTGCAGGGGCCACGGGGGGAGCAGCCTCTGGCATTCTG,4-147,4-154,TGCACCAGCAGCTCCTACAC,peg_21343,8.203991130820398,29.587036069001567,15.925141242937851,48.36363636363637,27.48201438848921,49.40736119775421,26.9748816891154
24,D23-11172,1205462,1192843,41551,992213,159073,12777,142961,3335,83.18051914627492,I254_I255insH,D23-11172,A549-PEmax-I254_I255insH,25,A549,I254_I255insH,False,False,7F/7R,1F/9R,1F,9R,CGGTTCAA,GCGTAGTT,7F,7R,GGCTCTGACTGTACCACCATCCACTACAACTACATGTGTAACAGTTCCTGCATGGGCGGCATGAACCGGAGGCCCATCCTCACCATCATCACACTGGAAGACTCCAGGTCAGGAGCCACTTGCCAC,GTGGCAAGTGGCTCCTGACCTGGAGTCTTCCAGTGTGATGATGGTGAGGATGGGCCTCCGGTTCATGCCGCCCATGCAGGAACTGTTACACATGTAGTTGTAGTGGATGGTGGTACAGTCAGAGCC,GGCTCTGACTGTACCACCATCCACTACAACTACATGTGTAACAGTTCCTGCATGGGCGGCATGAACCGGAGGCCCATCCTCACCATCCACATCACACTGGAAGACTCCAGGTCAGGAGCCACTTGCCAC,GTGGCAAGTGGCTCCTGACCTGGAGTCTTCCAGTGTGATGTGGATGGTGAGGATGGGCCTCCGGTTCATGCCGCCCATGCAGGAACTGTTACACATGTAGTTGTAGTGGATGGTGGTACAGTCAGAGCC,4-122,4-125,GGAGTCTTCCAGTGTGATGA,peg_22204,7.19640179910045,31.59867950560921,25.44780233648051,49.21061151421661,29.28037188927305,52.80351252148864,40.75923189376142
25,D23-11173,1525103,1521797,2031,1323079,196591,15711,176594,4286,86.94188515288175,I254_I255insH,D23-11173,A549-PEmax-I254_I255insH+,25,A549,I254_I255insH,True,False,7F/7R,1F/10R,1F,10R,CGGTTCAA,CGCAAGTT,7F,7R,GGCTCTGACTGTACCACCATCCACTACAACTACATGTGTAACAGTTCCTGCATGGGCGGCATGAACCGGAGGCCCATCCTCACCATCATCACACTGGAAGACTCCAGGTCAGGAGCCACTTGCCAC,GTGGCAAGTGGCTCCTGACCTGGAGTCTTCCAGTGTGATGATGGTGAGGATGGGCCTCCGGTTCATGCCGCCCATGCAGGAACTGTTACACATGTAGTTGTAGTGGATGGTGGTACAGTCAGAGCC,GGCTCTGACTGTACCACCATCCACTACAACTACATGTGTAACAGTTCCTGCATGGGCGGCATGAACCGGAGGCCCATCCTCACCATCCACATCACACTGGAAGACTCCAGGTCAGGAGCCACTTGCCAC,GTGGCAAGTGGCTCCTGACCTGGAGTCTTCCAGTGTGATGTGGATGGTGAGGATGGGCCTCCGGTTCATGCCGCCCATGCAGGAACTGTTACACATGTAGTTGTAGTGGATGGTGGTACAGTCAGAGCC,4-122,4-125,GGAGTCTTCCAGTGTGATGA,peg_22204,7.19640179910045,31.59867950560921,25.44780233648051,49.21061151421661,29.28037188927305,52.80351252148864,40.75923189376142
26,D23-11174,1094678,1075731,435194,465484,169023,20892,140421,7710,43.27141264870121,E258E,D23-11174,A549-PEmax-E258E,29,A549,E258E,False,False,7F/7R,1F/11R,1F,11R,CGGTTCAA,CGACAGTT,7F,7R,GGCTCTGACTGTACCACCATCCACTACAACTACATGTGTAACAGTTCCTGCATGGGCGGCATGAACCGGAGGCCCATCCTCACCATCATCACACTGGAAGACTCCAGGTCAGGAGCCACTTGCCAC,GTGGCAAGTGGCTCCTGACCTGGAGTCTTCCAGTGTGATGATGGTGAGGATGGGCCTCCGGTTCATGCCGCCCATGCAGGAACTGTTACACATGTAGTTGTAGTGGATGGTGGTACAGTCAGAGCC,GGCTCTGACTGTACCACCATCCACTACAACTACATGTGTAACAGTTCCTGCATGGGCGGCATGAACCGGAGGCCCATCCTCACCATCATCACACTGGAGGACTCCAGGTCAGGAGCCACTTGCCAC,GTGGCAAGTGGCTCCTGACCTGGAGTCCTCCAGTGTGATGATGGTGAGGATGGGCCTCCGGTTCATGCCGCCCATGCAGGAACTGTTACACATGTAGTTGTAGTGGATGGTGGTACAGTCAGAGCC,4-122,4-122,CATCCTCACCATCATCACAC,peg_27888,7.932968929804373,28.54600066748248,32.01784308580425,35.19015659955257,34.897456168906665,36.51020116992439,30.94506082074589
27,D23-11175,872513,870971,696351,11086,163377,10384,150614,2379,1.2728322757014872,R175H,D23-11175,hTP53-loxp-SV40LTmS-loxp-PEmax-R175H,1,hTP53-loxp-SV40LTms-loxP,R175H,False,False,5AF/5AR,1F/12R,1F,12R,CGGTTCAA,TAGTAGCC,5AF,5AR,GCAGCTGTGGGTTGATTCCACACCCCCGCCCGGCACCCGCGTCCGCGCCATGGCCATCTACAAGCAGTCACAGCACATGACGGAGGTTGTGAGGCGCTGCCCCCACCATGAGCGCTGCTCAGATAGCGATGGTGAGCAGCT,AGCTGCTCACCATCGCTATCTGAGCAGCGCTCATGGTGGGGGCAGCGCCTCACAACCTCCGTCATGTGCTGTGACTGCTTGTAGATGGCCATGGCGCGGACGCGGGTGCCGGGCGGGGGTGTGGAATCAACCCACAGCTGC,GCAGCTGTGGGTTGATTCCACACCCCCGCCCGGCACCCGCGTCCGCGCCATGGCCATCTACAAGCAGTCACAGCACATGACGGAGGTTGTGAGGCACTGCCCCCACCATGAGCGCTGCTCAGATAGCGATGGTGAGCAGCT,AGCTGCTCACCATCGCTATCTGAGCAGCGCTCATGGTGGGGGCAGTGCCTCACAACCTCCGTCATGTGCTGTGACTGCTTGTAGATGGCCATGGCGCGGACGCGGGTGCCGGGCGGGGGTGTGGAATCAACCCACAGCTGC,4-137,4-137,AGCACATGACGGAGGTTGTG,peg_2,1.066499372647428,1.11731843575419,11.590145576707728,2.667269439421338,14.489795918367347,3.225806451612903,18.487972508591064
28,D23-11176,1094262,1092273,806749,119151,157342,32763,117489,7090,10.908536602113209,R248Q,D23-11176,hTP53-loxp-SV40LTmS-loxp-PEmax-R248Q,2,hTP53-loxp-SV40LTms-loxP,R248Q,False,False,7F/7R,1F/13R,1F,13R,CGGTTCAA,CGTGTCAA,7F,7R,GGCTCTGACTGTACCACCATCCACTACAACTACATGTGTAACAGTTCCTGCATGGGCGGCATGAACCGGAGGCCCATCCTCACCATCATCACACTGGAAGACTCCAGGTCAGGAGCCACTTGCCAC,GTGGCAAGTGGCTCCTGACCTGGAGTCTTCCAGTGTGATGATGGTGAGGATGGGCCTCCGGTTCATGCCGCCCATGCAGGAACTGTTACACATGTAGTTGTAGTGGATGGTGGTACAGTCAGAGCC,GGCTCTGACTGTACCACCATCCACTACAACTACATGTGTAACAGTTCCTGCATGGGCGGCATGAACCAGAGGCCCATCCTCACCATCATCACACTGGAAGACTCCAGGTCAGGAGCCACTTGCCAC,GTGGCAAGTGGCTCCTGACCTGGAGTCTTCCAGTGTGATGATGGTGAGGATGGGCCTCTGGTTCATGCCGCCCATGCAGGAACTGTTACACATGTAGTTGTAGTGGATGGTGGTACAGTCAGAGCC,4-122,4-122,GCATGGGCGGCATGAACCGG,peg_31,9.375,16.201117318435752,12.549537648612946,27.3224043715847,12.861736334405144,34.54545454545455,9.533678756476684
29,D23-11177,1406555,1403324,1245254,1641,148854,30126,115451,3277,0.11693664470927598,R273C,D23-11177,hTP53-loxp-SV40LTmS-loxp-PEmax-R273C,3,hTP53-loxp-SV40LTms-loxP,R273C,False,False,8F/8R,1F/14R,1F,14R,CGGTTCAA,GCGTTCTT,8F,8R,GGACGGAACAGCTTTGAGGTGCGTGTTTGTGCCTGTCCTGGGAGAGACCGGCGCACAGAGGAAGAGAATCTCCGCAAGAAAGGGGAGCCTCACCACGAGCTGCCCCCAGGGAGCACTAAGCGAGGTAAGCA,TGCTTACCTCGCTTAGTGCTCCCTGGGGGCAGCTCGTGGTGAGGCTCCCCTTTCTTGCGGAGATTCTCTTCCTCTGTGCGCCGGTCTCTCCCAGGACAGGCACAAACACGCACCTCAAAGCTGTTCCGTCC,GGACGGAACAGCTTTGAGGTGTGTGTTTGTGCCTGTCCTGGGAGAGACCGGCGCACAGAGGAAGAGAATCTCCGCAAGAAAGGGGAGCCTCACCACGAGCTGCCCCCAGGGAGCACTAAGCGAGGTAAGCA,TGCTTACCTCGCTTAGTGCTCCCTGGGGGCAGCTCGTGGTGAGGCTCCCCTTTCTTGCGGAGATTCTCTTCCTCTGTGCGCCGGTCTCTCCCAGGACAGGCACAAACACACACCTCAAAGCTGTTCCGTCC,4-127,4-127,ACTGGGACGGAACAGCTTTG,peg_55,0.1941747572815534,0.2679169457468185,18.594104308390023,0.0,36.134453781512605,0.069492703266157,33.59580052493438
30,D23-11178,901745,899527,644361,141467,112050,13986,95405,2659,15.726820873636923,R248W,D23-11178,hTP53-loxp-SV40LTmS-loxp-PEmax-R248W,4,hTP53-loxp-SV40LTms-loxP,R248W,False,False,7F/7R,1F/15R,1F,15R,CGGTTCAA,GCCAAGCC,7F,7R,GGCTCTGACTGTACCACCATCCACTACAACTACATGTGTAACAGTTCCTGCATGGGCGGCATGAACCGGAGGCCCATCCTCACCATCATCACACTGGAAGACTCCAGGTCAGGAGCCACTTGCCAC,GTGGCAAGTGGCTCCTGACCTGGAGTCTTCCAGTGTGATGATGGTGAGGATGGGCCTCCGGTTCATGCCGCCCATGCAGGAACTGTTACACATGTAGTTGTAGTGGATGGTGGTACAGTCAGAGCC,GGCTCTGACTGTACCACCATCCACTACAACTACATGTGTAACAGTTCCTGCATGGGCGGCATGAACTGGAGGCCCATCCTCACCATCATCACACTGGAAGACTCCAGGTCAGGAGCCACTTGCCAC,GTGGCAAGTGGCTCCTGACCTGGAGTCTTCCAGTGTGATGATGGTGAGGATGGGCCTCCAGTTCATGCCGCCCATGCAGGAACTGTTACACATGTAGTTGTAGTGGATGGTGGTACAGTCAGAGCC,4-122,4-122,GCATGGGCGGCATGAACCGG,peg_138,4.40251572327044,29.893238434163703,16.771998055420514,36.881188118811885,14.926558157999208,29.91150442477876,19.43634596695821
31,D23-11179,827871,818179,355733,321334,139588,16477,119598,3513,39.27429083366843,Y220C,D23-11179,hTP53-loxp-SV40LTmS-loxp-PEmax-Y220C,5,hTP53-loxp-SV40LTms-loxP,Y220C,False,False,6F/6R,1F/16R,1F,16R,CGGTTCAA,GCACCTCC,6F,6R,GATTCCTCACTGATTGCTCTTAGGTCTGGCCCCTCCTCAGCATCTTATCCGAGTGGAAGGAAATTTGCGTGTGGAGTATTTGGATGACAGAAACACTTTTCGACATAGTGTGGTGGTGCCCTATGAGCCGCCTGAGGTCTGGTTTGCAACTGGG,CCCAGTTGCAAACCAGACCTCAGGCGGCTCATAGGGCACCACCACACTATGTCGAAAAGTGTTTCTGTCATCCAAATACTCCACACGCAAATTTCCTTCCACTCGGATAAGATGCTGAGGAGGGGCCAGACCTAAGAGCAATCAGTGAGGAATC,GATTCCTCACTGATTGCTCTTAGGTCTGGCCCCTCCTCAGCATCTTATCCGAGTGGAAGGAAATTTGCGTGTGGAGTATTTGGATGACAGAAACACTTTTCGACATAGTGTGGTGGTGCCCTGTGAGCCGCCTGAGGTCTGGTTTGCAACTGGG,CCCAGTTGCAAACCAGACCTCAGGCGGCTCACAGGGCACCACCACACTATGTCGAAAAGTGTTTCTGTCATCCAAATACTCCACACGCAAATTTCCTTCCACTCGGATAAGATGCTGAGGAGGGGCCAGACCTAAGAGCAATCAGTGAGGAATC,4-150,4-150,CACTTTTCGACATAGTGTGG,peg_178,1.6163844788718884,10.312540865698969,11.669658886894076,14.362934362934364,21.22163206180589,21.801252207416923,28.6002159050018
32,D23-11180,1188760,1183380,618227,414589,149879,14203,133302,2374,35.03430850614342,G245S,D23-11180,hTP53-loxp-SV40LTmS-loxp-PEmax-G245S,6,hTP53-loxp-SV40LTms-loxP,G245S,False,False,7F/7R,2F/1R,2F,1R,GCTGGATT,ATCAGATT,7F,7R,GGCTCTGACTGTACCACCATCCACTACAACTACATGTGTAACAGTTCCTGCATGGGCGGCATGAACCGGAGGCCCATCCTCACCATCATCACACTGGAAGACTCCAGGTCAGGAGCCACTTGCCAC,GTGGCAAGTGGCTCCTGACCTGGAGTCTTCCAGTGTGATGATGGTGAGGATGGGCCTCCGGTTCATGCCGCCCATGCAGGAACTGTTACACATGTAGTTGTAGTGGATGGTGGTACAGTCAGAGCC,GGCTCTGACTGTACCACCATCCACTACAACTACATGTGTAACAGTTCCTGCATGGGCAGCATGAACCGGAGGCCCATCCTCACCATCATCACACTGGAAGACTCCAGGTCAGGAGCCACTTGCCAC,GTGGCAAGTGGCTCCTGACCTGGAGTCTTCCAGTGTGATGATGGTGAGGATGGGCCTCCGGTTCATGCTGCCCATGCAGGAACTGTTACACATGTAGTTGTAGTGGATGGTGGTACAGTCAGAGCC,4-122,4-122,TGTAACAGTTCCTGCATGGG,peg_218,1.1424017003188098,9.410511363636363,13.608119304059652,15.6957149735195,17.463524130190798,18.34730538922156,19.591721009356394
33,D23-11181,1500888,1496514,1259376,35656,200564,31838,163892,4834,2.3826038379861467,E285K,D23-11181,hTP53-loxp-SV40LTmS-loxp-PEmax-E285K,7,hTP53-loxp-SV40LTms-loxP,E285K,False,False,8F/8R,2F/3R,2F,3R,GCTGGATT,CGGTTCGG,8F,8R,GGACGGAACAGCTTTGAGGTGCGTGTTTGTGCCTGTCCTGGGAGAGACCGGCGCACAGAGGAAGAGAATCTCCGCAAGAAAGGGGAGCCTCACCACGAGCTGCCCCCAGGGAGCACTAAGCGAGGTAAGCA,TGCTTACCTCGCTTAGTGCTCCCTGGGGGCAGCTCGTGGTGAGGCTCCCCTTTCTTGCGGAGATTCTCTTCCTCTGTGCGCCGGTCTCTCCCAGGACAGGCACAAACACGCACCTCAAAGCTGTTCCGTCC,GGACGGAACAGCTTTGAGGTGCGTGTTTGTGCCTGTCCTGGGAGAGACCGGCGCACAAAGGAAGAGAATCTCCGCAAGAAAGGGGAGCCTCACCACGAGCTGCCCCCAGGGAGCACTAAGCGAGGTAAGCA,TGCTTACCTCGCTTAGTGCTCCCTGGGGGCAGCTCGTGGTGAGGCTCCCCTTTCTTGCGGAGATTCTCTTCCTTTGTGCGCCGGTCTCTCCCAGGACAGGCACAAACACGCACCTCAAAGCTGTTCCGTCC,4-127,4-127,TGGGAGAGACCGGCGCACAG,peg_311,25.0,10.81081081081081,0.0,12.195121951219512,25.0,14.285714285714286,0.0
34,D23-11182,1501577,1498677,1135632,68375,294172,18518,271039,4615,4.562357332500599,H179R,D23-11182,hTP53-loxp-SV40LTmS-loxp-PEmax-H179R,8,hTP53-loxp-SV40LTms-loxP,H179R,False,False,5AF/5AR,2F/4R,2F,4R,GCTGGATT,TATGGACC,5AF,5AR,GCAGCTGTGGGTTGATTCCACACCCCCGCCCGGCACCCGCGTCCGCGCCATGGCCATCTACAAGCAGTCACAGCACATGACGGAGGTTGTGAGGCGCTGCCCCCACCATGAGCGCTGCTCAGATAGCGATGGTGAGCAGCT,AGCTGCTCACCATCGCTATCTGAGCAGCGCTCATGGTGGGGGCAGCGCCTCACAACCTCCGTCATGTGCTGTGACTGCTTGTAGATGGCCATGGCGCGGACGCGGGTGCCGGGCGGGGGTGTGGAATCAACCCACAGCTGC,GCAGCTGTGGGTTGATTCCACACCCCCGCCCGGCACCCGCGTCCGCGCCATGGCCATCTACAAGCAGTCACAGCACATGACGGAGGTTGTGAGGCGCTGCCCCCACCGTGAGCGCTGCTCAGATAGCGATGGTGAGCAGCT,AGCTGCTCACCATCGCTATCTGAGCAGCGCTCACGGTGGGGGCAGCGCCTCACAACCTCCGTCATGTGCTGTGACTGCTTGTAGATGGCCATGGCGCGGACGCGGGTGCCGGGCGGGGGTGTGGAATCAACCCACAGCTGC,4-137,4-137,AGCACATGACGGAGGTTGTG,peg_465,11.104294478527608,41.61524749760044,50.59288537549407,54.1656942823804,69.00749063670412,62.26228209191759,78.64160615121743
35,D23-11183,883272,876429,487800,232231,155424,15778,136228,3418,26.49741165570742,I195T,D23-11183,hTP53-loxp-SV40LTmS-loxp-PEmax-I195T,9,hTP53-loxp-SV40LTms-loxP,I195T,False,False,6F/6R,2F/5R,2F,5R,GCTGGATT,GCCAAGTT,6F,6R,GATTCCTCACTGATTGCTCTTAGGTCTGGCCCCTCCTCAGCATCTTATCCGAGTGGAAGGAAATTTGCGTGTGGAGTATTTGGATGACAGAAACACTTTTCGACATAGTGTGGTGGTGCCCTATGAGCCGCCTGAGGTCTGGTTTGCAACTGGG,CCCAGTTGCAAACCAGACCTCAGGCGGCTCATAGGGCACCACCACACTATGTCGAAAAGTGTTTCTGTCATCCAAATACTCCACACGCAAATTTCCTTCCACTCGGATAAGATGCTGAGGAGGGGCCAGACCTAAGAGCAATCAGTGAGGAATC,GATTCCTCACTGATTGCTCTTAGGTCTGGCCCCTCCTCAGCATCTTACCCGAGTGGAAGGAAATTTGCGTGTGGAGTATTTGGATGACAGAAACACTTTTCGACATAGTGTGGTGGTGCCCTATGAGCCGCCTGAGGTCTGGTTTGCAACTGGG,CCCAGTTGCAAACCAGACCTCAGGCGGCTCATAGGGCACCACCACACTATGTCGAAAAGTGTTTCTGTCATCCAAATACTCCACACGCAAATTTCCTTCCACTCGGGTAAGATGCTGAGGAGGGGCCAGACCTAAGAGCAATCAGTGAGGAATC,4-150,4-150,CACGCAAATTTCCTTCCACT,peg_683,0.0,0.48,0.0,0.4081632653061224,0.0,0.522466039707419,0.2941176470588235
36,D23-11184,2572968,2567675,2346532,1994,218396,52112,162421,3863,0.0776578032656002,C135Y,D23-11184,hTP53-loxp-SV40LTmS-loxp-PEmax-C135Y,10,hTP53-loxp-SV40LTms-loxP,C135Y,False,False,5BF/5BR,2F/6R,2F,6R,GCTGGATT,CGCAGACC,5BF,5BR,GTGCCCTGACTTTCAACTCTGTCTCCTTCCTCTTCCTACAGTACTCCCCTGCCCTCAACAAGATGTTTTGCCAACTGGCCAAGACCTGCCCTGTGCAGCTGTGGGTTGATTCCACA,TGTGGAATCAACCCACAGCTGCACAGGGCAGGTCTTGGCCAGTTGGCAAAACATCTTGTTGAGGGCAGGGGAGTACTGTAGGAAGAGGAAGGAGACAGAGTTGAAAGTCAGGGCAC,GTGCCCTGACTTTCAACTCTGTCTCCTTCCTCTTCCTACAGTACTCCCCTGCCCTCAACAAGATGTTTTACCAACTGGCCAAGACCTGCCCTGTGCAGCTGTGGGTTGATTCCACA,TGTGGAATCAACCCACAGCTGCACAGGGCAGGTCTTGGCCAGTTGGTAAAACATCTTGTTGAGGGCAGGGGAGTACTGTAGGAAGAGGAAGGAGACAGAGTTGAAAGTCAGGGCAC,4-112,4-112,CAGGGCAGGTCTTGGCCAGT,peg_885,0.0,0.0535618639528655,0.0,0.3498385360602798,0.0,0.402067777139575,0.6455083378160301
37,D23-11185,1083641,1079919,822056,100198,153702,23425,124595,5682,9.278288464227408,R248L,D23-11185,hTP53-loxp-SV40LTmS-loxp-PEmax-R248L,11,hTP53-loxp-SV40LTms-loxP,R248L,False,False,7F/7R,2F/7R,2F,7R,GCTGGATT,CGACCTCC,7F,7R,GGCTCTGACTGTACCACCATCCACTACAACTACATGTGTAACAGTTCCTGCATGGGCGGCATGAACCGGAGGCCCATCCTCACCATCATCACACTGGAAGACTCCAGGTCAGGAGCCACTTGCCAC,GTGGCAAGTGGCTCCTGACCTGGAGTCTTCCAGTGTGATGATGGTGAGGATGGGCCTCCGGTTCATGCCGCCCATGCAGGAACTGTTACACATGTAGTTGTAGTGGATGGTGGTACAGTCAGAGCC,GGCTCTGACTGTACCACCATCCACTACAACTACATGTGTAACAGTTCCTGCATGGGCGGCATGAACCTGAGGCCCATCCTCACCATCATCACACTGGAAGACTCCAGGTCAGGAGCCACTTGCCAC,GTGGCAAGTGGCTCCTGACCTGGAGTCTTCCAGTGTGATGATGGTGAGGATGGGCCTCAGGTTCATGCCGCCCATGCAGGAACTGTTACACATGTAGTTGTAGTGGATGGTGGTACAGTCAGAGCC,4-122,4-122,GCATGGGCGGCATGAACCGG,peg_1864,7.936507936507937,18.27956989247312,13.259668508287293,27.96833773087071,14.385150812064966,23.822714681440445,12.45886224729666
38,D23-11186,1183603,1177850,832994,207712,136132,25455,107403,3274,17.634843146410834,R273P,D23-11186,hTP53-loxp-SV40LTmS-loxp-PEmax-R273P,12,hTP53-loxp-SV40LTms-loxP,R273P,False,False,8F/8R,2F/8R,2F,8R,GCTGGATT,GCCACTGG,8F,8R,GGACGGAACAGCTTTGAGGTGCGTGTTTGTGCCTGTCCTGGGAGAGACCGGCGCACAGAGGAAGAGAATCTCCGCAAGAAAGGGGAGCCTCACCACGAGCTGCCCCCAGGGAGCACTAAGCGAGGTAAGCA,TGCTTACCTCGCTTAGTGCTCCCTGGGGGCAGCTCGTGGTGAGGCTCCCCTTTCTTGCGGAGATTCTCTTCCTCTGTGCGCCGGTCTCTCCCAGGACAGGCACAAACACGCACCTCAAAGCTGTTCCGTCC,GGACGGAACAGCTTTGAGGTGCCTGTTTGTGCCTGTCCTGGGAGAGACCGGCGCACAGAGGAAGAGAATCTCCGCAAGAAAGGGGAGCCTCACCACGAGCTGCCCCCAGGGAGCACTAAGCGAGGTAAGCA,TGCTTACCTCGCTTAGTGCTCCCTGGGGGCAGCTCGTGGTGAGGCTCCCCTTTCTTGCGGAGATTCTCTTCCTCTGTGCGCCGGTCTCTCCCAGGACAGGCACAAACAGGCACCTCAAAGCTGTTCCGTCC,4-127,4-127,ACTGGGACGGAACAGCTTTG,peg_4127,2.2271714922049,11.141552511415526,24.489795918367346,19.411296738265712,33.72549019607843,23.865698729582576,34.68354430379747
39,D23-11187,1138611,1133739,634942,325112,167149,26390,134923,5836,28.676088588290604,R248P,D23-11187,hTP53-loxp-SV40LTmS-loxp-PEmax-R248P,14,hTP53-loxp-SV40LTms-loxP,R248P,False,False,7F/7R,2F/9R,2F,9R,GCTGGATT,GCGTAGTT,7F,7R,GGCTCTGACTGTACCACCATCCACTACAACTACATGTGTAACAGTTCCTGCATGGGCGGCATGAACCGGAGGCCCATCCTCACCATCATCACACTGGAAGACTCCAGGTCAGGAGCCACTTGCCAC,GTGGCAAGTGGCTCCTGACCTGGAGTCTTCCAGTGTGATGATGGTGAGGATGGGCCTCCGGTTCATGCCGCCCATGCAGGAACTGTTACACATGTAGTTGTAGTGGATGGTGGTACAGTCAGAGCC,GGCTCTGACTGTACCACCATCCACTACAACTACATGTGTAACAGTTCCTGCATGGGCGGCATGAACCCGAGGCCCATCCTCACCATCATCACACTGGAAGACTCCAGGTCAGGAGCCACTTGCCAC,GTGGCAAGTGGCTCCTGACCTGGAGTCTTCCAGTGTGATGATGGTGAGGATGGGCCTCGGGTTCATGCCGCCCATGCAGGAACTGTTACACATGTAGTTGTAGTGGATGGTGGTACAGTCAGAGCC,4-122,4-122,GCATGGGCGGCATGAACCGG,peg_6764,16.483516483516482,37.32970027247956,13.636363636363637,39.6039603960396,14.414414414414416,42.67161410018553,16.149347728295098
40,D23-11188,913489,907851,795796,39577,72351,9297,62198,856,4.359415807219467,Y327Ter,D23-11188,hTP53-loxp-SV40LTmS-loxp-PEmax-Y327Ter,15,hTP53-loxp-SV40LTms-loxP,Y327Ter,False,False,9F/9R,2F/10R,2F,10R,GCTGGATT,CGCAAGTT,9F,9R,TCCTTGCCTCTTTCCTAGCACTGCCCAACAACACCAGCTCCTCTCCCCAGCCAAAGAAGAAACCACTGGATGGAGAATATTTCACCCTTCAGGTACTAAGTCTTGGGACCTCTTATCAAGTGGAAAGTTT,AAACTTTCCACTTGATAAGAGGTCCCAAGACTTAGTACCTGAAGGGTGAAATATTCTCCATCCAGTGGTTTCTTCTTTGGCTGGGGAGAGGAGCTGGTGTTGTTGGGCAGTGCTAGGAAAGAGGCAAGGA,TCCTTGCCTCTTTCCTAGCACTGCCCAACAACACCAGCTCCTCTCCCCAGCCAAAGAAGAAACCACTGGATGGAGAATAGTTCACCCTTCAGGTACTAAGTCTTGGGACCTCTTATCAAGTGGAAAGTTT,AAACTTTCCACTTGATAAGAGGTCCCAAGACTTAGTACCTGAAGGGTGAACTATTCTCCATCCAGTGGTTTCTTCTTTGGCTGGGGAGAGGAGCTGGTGTTGTTGGGCAGTGCTAGGAAAGAGGCAAGGA,4-126,4-126,CCAAAGAAGAAACCACTGGA,peg_7449,0.0,13.333333333333334,7.6923076923076925,19.26605504587156,40.0,20.338983050847457,20.0
41,D23-11189,1729808,1718319,1071715,346412,298759,32939,259078,6742,20.159935378704418,R196P,D23-11189,hTP53-loxp-SV40LTmS-loxp-PEmax-R196P,16,hTP53-loxp-SV40LTms-loxP,R196P,False,False,6F/6R,2F/11R,2F,11R,GCTGGATT,CGACAGTT,6F,6R,GATTCCTCACTGATTGCTCTTAGGTCTGGCCCCTCCTCAGCATCTTATCCGAGTGGAAGGAAATTTGCGTGTGGAGTATTTGGATGACAGAAACACTTTTCGACATAGTGTGGTGGTGCCCTATGAGCCGCCTGAGGTCTGGTTTGCAACTGGG,CCCAGTTGCAAACCAGACCTCAGGCGGCTCATAGGGCACCACCACACTATGTCGAAAAGTGTTTCTGTCATCCAAATACTCCACACGCAAATTTCCTTCCACTCGGATAAGATGCTGAGGAGGGGCCAGACCTAAGAGCAATCAGTGAGGAATC,GATTCCTCACTGATTGCTCTTAGGTCTGGCCCCTCCTCAGCATCTTATCCCAGTGGAAGGAAATTTGCGTGTGGAGTATTTGGATGACAGAAACACTTTTCGACATAGTGTGGTGGTGCCCTATGAGCCGCCTGAGGTCTGGTTTGCAACTGGG,CCCAGTTGCAAACCAGACCTCAGGCGGCTCATAGGGCACCACCACACTATGTCGAAAAGTGTTTCTGTCATCCAAATACTCCACACGCAAATTTCCTTCCACTGGGATAAGATGCTGAGGAGGGGCCAGACCTAAGAGCAATCAGTGAGGAATC,4-150,4-150,TCCTCAGCATCTTATCCGAG,peg_8247,18.05263157894737,55.95312826951245,63.50283880523328,65.66819271855243,72.83262561924982,74.41161272137924,76.30491394927536
42,D23-11190,2013368,1999207,1491100,117173,389763,25963,357711,6089,5.86097387614189,T170M,D23-11190,hTP53-loxp-SV40LTmS-loxp-PEmax-T170M,17,hTP53-loxp-SV40LTms-loxP,T170M,False,False,5AF/5AR,2F/12R,2F,12R,GCTGGATT,TAGTAGCC,5AF,5AR,GCAGCTGTGGGTTGATTCCACACCCCCGCCCGGCACCCGCGTCCGCGCCATGGCCATCTACAAGCAGTCACAGCACATGACGGAGGTTGTGAGGCGCTGCCCCCACCATGAGCGCTGCTCAGATAGCGATGGTGAGCAGCT,AGCTGCTCACCATCGCTATCTGAGCAGCGCTCATGGTGGGGGCAGCGCCTCACAACCTCCGTCATGTGCTGTGACTGCTTGTAGATGGCCATGGCGCGGACGCGGGTGCCGGGCGGGGGTGTGGAATCAACCCACAGCTGC,GCAGCTGTGGGTTGATTCCACACCCCCGCCCGGCACCCGCGTCCGCGCCATGGCCATCTACAAGCAGTCACAGCACATGATGGAGGTTGTGAGGCGCTGCCCCCACCATGAGCGCTGCTCAGATAGCGATGGTGAGCAGCT,AGCTGCTCACCATCGCTATCTGAGCAGCGCTCATGGTGGGGGCAGCGCCTCACAACCTCCATCATGTGCTGTGACTGCTTGTAGATGGCCATGGCGCGGACGCGGGTGCCGGGCGGGGGTGTGGAATCAACCCACAGCTGC,4-137,4-137,GCAGTCACAGCACATGACGG,peg_9611,38.73403019744483,70.40485829959515,77.10216025475515,79.58261331915459,78.77306646613062,80.46486987616714,81.9213942220776
43,D23-11191,2039269,2024701,1782449,8583,233343,25235,204995,3113,0.4239144446513337,A347D,D23-11191,hTP53-loxp-SV40LTmS-loxp-PEmax-A347D,18,hTP53-loxp-SV40LTms-loxP,A347D,False,False,10F/10R,2F/13R,2F,13R,GCTGGATT,CGTGTCAA,10F,10R,CCCTCCTCTGTTGCTGCAGATCCGTGGGCGTGAGCGCTTCGAGATGTTCCGAGAGCTGAATGAGGCCTTGGAACTCAAGGATGCCCAGGCTGGGAAGGAGCCAGGGGGGAGCAGGGCTCACTCCAGGT,ACCTGGAGTGAGCCCTGCTCCCCCCTGGCTCCTTCCCAGCCTGGGCATCCTTGAGTTCCAAGGCCTCATTCAGCTCTCGGAACATCTCGAAGCGCTCACGCCCACGGATCTGCAGCAACAGAGGAGGG,CCCTCCTCTGTTGCTGCAGATCCGTGGGCGTGAGCGCTTCGAGATGTTCCGAGAGCTGAATGAGGACTTGGAACTCAAGGATGCCCAGGCTGGGAAGGAGCCAGGGGGGAGCAGGGCTCACTCCAGGT,ACCTGGAGTGAGCCCTGCTCCCCCCTGGCTCCTTCCCAGCCTGGGCATCCTTGAGTTCCAAGTCCTCATTCAGCTCTCGGAACATCTCGAAGCGCTCACGCCCACGGATCTGCAGCAACAGAGGAGGG,4-124,4-124,CTGGGCATCCTTGAGTTCCA,peg_12022,0.0,0.0,0.0,0.0,0.0,0.0,0.0
44,D23-11192,1709995,1697487,947945,546030,202662,20055,180158,2449,32.16696210339166,A347P,D23-11192,hTP53-loxp-SV40LTmS-loxp-PEmax-A347P,19,hTP53-loxp-SV40LTms-loxP,A347P,False,False,10F/10R,2F/14R,2F,14R,GCTGGATT,GCGTTCTT,10F,10R,CCCTCCTCTGTTGCTGCAGATCCGTGGGCGTGAGCGCTTCGAGATGTTCCGAGAGCTGAATGAGGCCTTGGAACTCAAGGATGCCCAGGCTGGGAAGGAGCCAGGGGGGAGCAGGGCTCACTCCAGGT,ACCTGGAGTGAGCCCTGCTCCCCCCTGGCTCCTTCCCAGCCTGGGCATCCTTGAGTTCCAAGGCCTCATTCAGCTCTCGGAACATCTCGAAGCGCTCACGCCCACGGATCTGCAGCAACAGAGGAGGG,CCCTCCTCTGTTGCTGCAGATCCGTGGGCGTGAGCGCTTCGAGATGTTCCGAGAGCTGAATGAGCCCTTGGAACTCAAGGATGCCCAGGCTGGGAAGGAGCCAGGGGGGAGCAGGGCTCACTCCAGGT,ACCTGGAGTGAGCCCTGCTCCCCCCTGGCTCCTTCCCAGCCTGGGCATCCTTGAGTTCCAAGGGCTCATTCAGCTCTCGGAACATCTCGAAGCGCTCACGCCCACGGATCTGCAGCAACAGAGGAGGG,4-124,4-124,GATGTTCCGAGAGCTGAATG,peg_12868,37.32133403917417,73.13566936208446,80.3042934556065,80.15686274509804,78.20359281437126,80.83195462065706,78.01424178669687
45,D23-11193,2274629,2257475,777381,1196587,280922,44897,227413,8612,53.005548234199715,N345S,D23-11193,hTP53-loxp-SV40LTmS-loxp-PEmax-N345S,20,hTP53-loxp-SV40LTms-loxP,N345S,False,False,10F/10R,2F/15R,2F,15R,GCTGGATT,GCCAAGCC,10F,10R,CCCTCCTCTGTTGCTGCAGATCCGTGGGCGTGAGCGCTTCGAGATGTTCCGAGAGCTGAATGAGGCCTTGGAACTCAAGGATGCCCAGGCTGGGAAGGAGCCAGGGGGGAGCAGGGCTCACTCCAGGT,ACCTGGAGTGAGCCCTGCTCCCCCCTGGCTCCTTCCCAGCCTGGGCATCCTTGAGTTCCAAGGCCTCATTCAGCTCTCGGAACATCTCGAAGCGCTCACGCCCACGGATCTGCAGCAACAGAGGAGGG,CCCTCCTCTGTTGCTGCAGATCCGTGGGCGTGAGCGCTTCGAGATGTTCCGAGAGCTGAGTGAGGCCTTGGAACTCAAGGATGCCCAGGCTGGGAAGGAGCCAGGGGGGAGCAGGGCTCACTCCAGGT,ACCTGGAGTGAGCCCTGCTCCCCCCTGGCTCCTTCCCAGCCTGGGCATCCTTGAGTTCCAAGGCCTCACTCAGCTCTCGGAACATCTCGAAGCGCTCACGCCCACGGATCTGCAGCAACAGAGGAGGG,4-124,4-124,GATGTTCCGAGAGCTGAATG,peg_14531,35.3757225433526,77.64889766370517,80.2490234375,79.1472613971794,84.8559670781893,81.66979802724283,86.83114880493446
46,D23-11194,1721793,1700799,1327507,130822,240993,43223,187750,10020,7.691796620294344,M40V,D23-11194,hTP53-loxp-SV40LTmS-loxp-PEmax-M40V,21,hTP53-loxp-SV40LTms-loxP,M40V,False,False,4BF/4BR,2F/16R,2F,16R,GCTGGATT,GCACCTCC,4BF,4BR,CTGCTCTTTTCACCCATCTACAGTCCCCCTTGCCGTCCCAAGCAATGGATGATTTGATGCTGTCCCCGGACGATATTGAACAATGGTTCACTGAAGACCCAGGTCCAGATGAAGCTCCCAGAATGCCAGAGGCTGCT,AGCAGCCTCTGGCATTCTGGGAGCTTCATCTGGACCTGGGTCTTCAGTGAACCATTGTTCAATATCGTCCGGGGACAGCATCAAATCATCCATTGCTTGGGACGGCAAGGGGGACTGTAGATGGGTGAAAAGAGCAG,CTGCTCTTTTCACCCATCTACAGTCCCCCTTGCCGTCCCAAGCAGTGGATGATTTGATGCTGTCCCCGGACGATATTGAACAATGGTTCACTGAAGACCCAGGTCCAGATGAAGCTCCCAGAATGCCAGAGGCTGCT,AGCAGCCTCTGGCATTCTGGGAGCTTCATCTGGACCTGGGTCTTCAGTGAACCATTGTTCAATATCGTCCGGGGACAGCATCAAATCATCCACTGCTTGGGACGGCAAGGGGGACTGTAGATGGGTGAAAAGAGCAG,4-133,4-133,CCCCTTGCCGTCCCAAGCAA,peg_16602,8.653846153846153,36.93693693693694,36.492890995260666,44.11764705882353,51.282051282051285,44.73684210526316,52.94117647058823
47,D23-11195,2256521,2229456,1996829,51755,180305,23848,154208,2249,2.3214183190877056,G325A,D23-11195,hTP53-loxp-SV40LTmS-loxp-PEmax-G325A,22,hTP53-loxp-SV40LTms-loxP,G325A,False,False,9F/9R,3F/1R,3F,1R,TAACTCGG,ATCAGATT,9F,9R,TCCTTGCCTCTTTCCTAGCACTGCCCAACAACACCAGCTCCTCTCCCCAGCCAAAGAAGAAACCACTGGATGGAGAATATTTCACCCTTCAGGTACTAAGTCTTGGGACCTCTTATCAAGTGGAAAGTTT,AAACTTTCCACTTGATAAGAGGTCCCAAGACTTAGTACCTGAAGGGTGAAATATTCTCCATCCAGTGGTTTCTTCTTTGGCTGGGGAGAGGAGCTGGTGTTGTTGGGCAGTGCTAGGAAAGAGGCAAGGA,TCCTTGCCTCTTTCCTAGCACTGCCCAACAACACCAGCTCCTCTCCCCAGCCAAAGAAGAAACCACTGGATGCAGAATATTTCACCCTTCAGGTACTAAGTCTTGGGACCTCTTATCAAGTGGAAAGTTT,AAACTTTCCACTTGATAAGAGGTCCCAAGACTTAGTACCTGAAGGGTGAAATATTCTGCATCCAGTGGTTTCTTCTTTGGCTGGGGAGAGGAGCTGGTGTTGTTGGGCAGTGCTAGGAAAGAGGCAAGGA,4-126,4-126,CCAAAGAAGAAACCACTGGA,peg_18555,0.0,4.545454545454546,0.0,12.76595744680851,0.0,18.181818181818183,0.0
48,D23-11196,1288683,1237407,532594,386997,317816,55988,245475,16353,31.274835199736224,P82LfsTer69,D23-11196,hTP53-loxp-SV40LTmS-loxp-PEmax-P82LfsTer69,23,hTP53-loxp-SV40LTms-loxP,P82LfsTer69,False,False,4AF/4AR,3F/2R,3F,2R,TAACTCGG,TAGTGATT,4AF,4AR,CAGAATGCCAGAGGCTGCTCCCCCCGTGGCCCCTGCACCAGCAGCTCCTACACCGGCGGCCCCTGCACCAGCCCCCTCCTGGCCCCTGTCATCTTCTGTCCCTTCCCAGAAAACCTACCAGGGCAGCTACGGTTTCCGTCTGGGCTTCTTG,CAAGAAGCCCAGACGGAAACCGTAGCTGCCCTGGTAGGTTTTCTGGGAAGGGACAGAAGATGACAGGGGCCAGGAGGGGGCTGGTGCAGGGGCCGCCGGTGTAGGAGCTGCTGGTGCAGGGGCCACGGGGGGAGCAGCCTCTGGCATTCTG,CAGAATGCCAGAGGCTGCTCCCCCCGTGGCCCCTGCACCAGCAGCTCCTACGCTCCTAACCGGCGGCCCCTGCACCAGCCCCCTCCTGGCCCCTGTCATCTTCTGTCCCTTCCCAGAAAACCTACCAGGGCAGCTACGGTTTCCGTCTGGGCTTCTTG,CAAGAAGCCCAGACGGAAACCGTAGCTGCCCTGGTAGGTTTTCTGGGAAGGGACAGAAGATGACAGGGGCCAGGAGGGGGCTGGTGCAGGGGCCGCCGGTTAGGAGCGTAGGAGCTGCTGGTGCAGGGGCCACGGGGGGAGCAGCCTCTGGCATTCTG,4-147,4-154,TGCACCAGCAGCTCCTACAC,peg_21343,8.203991130820398,29.587036069001567,15.925141242937851,48.36363636363637,27.48201438848921,49.40736119775421,26.9748816891154
49,D23-11197,1657276,1645010,1341017,170814,132752,26810,102268,3674,10.383766664032438,P322HfsTer15,D23-11197,hTP53-loxp-SV40LTmS-loxp-PEmax-P322HfsTer15,24,hTP53-loxp-SV40LTms-loxP,P322HfsTer15,False,False,9F/9R,3F/4R,3F,4R,TAACTCGG,TATGGACC,9F,9R,TCCTTGCCTCTTTCCTAGCACTGCCCAACAACACCAGCTCCTCTCCCCAGCCAAAGAAGAAACCACTGGATGGAGAATATTTCACCCTTCAGGTACTAAGTCTTGGGACCTCTTATCAAGTGGAAAGTTT,AAACTTTCCACTTGATAAGAGGTCCCAAGACTTAGTACCTGAAGGGTGAAATATTCTCCATCCAGTGGTTTCTTCTTTGGCTGGGGAGAGGAGCTGGTGTTGTTGGGCAGTGCTAGGAAAGAGGCAAGGA,TCCTTGCCTCTTTCCTAGCACTGCCCAACAACACCAGCTCCTCTCCCCAGCCAAAGAAGAAACACACTGGATGGAGAATATTTCACCCTTCAGGTACTAAGTCTTGGGACCTCTTATCAAGTGGAAAGTTT,AAACTTTCCACTTGATAAGAGGTCCCAAGACTTAGTACCTGAAGGGTGAAATATTCTCCATCCAGTGTGTTTCTTCTTTGGCTGGGGAGAGGAGCTGGTGTTGTTGGGCAGTGCTAGGAAAGAGGCAAGGA,4-126,4-127,GTGAAATATTCTCCATCCAG,peg_21875,0.0,4.310344827586207,12.424242424242424,10.391822827938672,16.666666666666668,9.15032679738562,14.62264150943396
50,D23-11198,3203279,3188402,2344741,413090,430368,42963,375253,12152,12.956019974896515,I254_I255insH,D23-11198,hTP53-loxp-SV40LTmS-loxp-PEmax-I254_I255insH,25,hTP53-loxp-SV40LTms-loxP,I254_I255insH,False,False,7F/7R,3F/5R,3F,5R,TAACTCGG,GCCAAGTT,7F,7R,GGCTCTGACTGTACCACCATCCACTACAACTACATGTGTAACAGTTCCTGCATGGGCGGCATGAACCGGAGGCCCATCCTCACCATCATCACACTGGAAGACTCCAGGTCAGGAGCCACTTGCCAC,GTGGCAAGTGGCTCCTGACCTGGAGTCTTCCAGTGTGATGATGGTGAGGATGGGCCTCCGGTTCATGCCGCCCATGCAGGAACTGTTACACATGTAGTTGTAGTGGATGGTGGTACAGTCAGAGCC,GGCTCTGACTGTACCACCATCCACTACAACTACATGTGTAACAGTTCCTGCATGGGCGGCATGAACCGGAGGCCCATCCTCACCATCCACATCACACTGGAAGACTCCAGGTCAGGAGCCACTTGCCAC,GTGGCAAGTGGCTCCTGACCTGGAGTCTTCCAGTGTGATGTGGATGGTGAGGATGGGCCTCCGGTTCATGCCGCCCATGCAGGAACTGTTACACATGTAGTTGTAGTGGATGGTGGTACAGTCAGAGCC,4-122,4-125,GGAGTCTTCCAGTGTGATGA,peg_22204,7.19640179910045,31.59867950560921,25.44780233648051,49.21061151421661,29.28037188927305,52.80351252148864,40.75923189376142
51,D23-11199,805462,769657,501568,98569,169491,32275,129281,7935,12.806873711276582,S106RfsTer16,D23-11199,hTP53-loxp-SV40LTmS-loxp-PEmax-S106RfsTer16,26,hTP53-loxp-SV40LTms-loxP,S106RfsTer16,False,False,4AF/4AR,3F/6R,3F,6R,TAACTCGG,CGCAGACC,4AF,4AR,CAGAATGCCAGAGGCTGCTCCCCCCGTGGCCCCTGCACCAGCAGCTCCTACACCGGCGGCCCCTGCACCAGCCCCCTCCTGGCCCCTGTCATCTTCTGTCCCTTCCCAGAAAACCTACCAGGGCAGCTACGGTTTCCGTCTGGGCTTCTTG,CAAGAAGCCCAGACGGAAACCGTAGCTGCCCTGGTAGGTTTTCTGGGAAGGGACAGAAGATGACAGGGGCCAGGAGGGGGCTGGTGCAGGGGCCGCCGGTGTAGGAGCTGCTGGTGCAGGGGCCACGGGGGGAGCAGCCTCTGGCATTCTG,CAGAATGCCAGAGGCTGCTCCCCCCGTGGCCCCTGCACCAGCAGCTCCTACACCGGCGGCCCCTGCACCAGCCCCCTCCTGGCCCCTGTCATCTTCTGTCCCTTCCCAGAAAACCTACCAGGGCAGGGTTTCCGTCTGGGCTTCTTG,CAAGAAGCCCAGACGGAAACCCTGCCCTGGTAGGTTTTCTGGGAAGGGACAGAAGATGACAGGGGCCAGGAGGGGGCTGGTGCAGGGGCCGCCGGTGTAGGAGCTGCTGGTGCAGGGGCCACGGGGGGAGCAGCCTCTGGCATTCTG,4-147,4-143,AAAACCTACCAGGGCAGCTA,peg_25828,0.0,8.13953488372093,0.4477611940298507,9.48012232415902,0.4285714285714285,11.282051282051285,0.6729475100942126
52,D23-11200,2356788,2343258,1302387,679814,361029,56126,245928,58975,29.01148742477354,G244NfsTer390,D23-11200,hTP53-loxp-SV40LTmS-loxp-PEmax-G244NfsTer390,27,hTP53-loxp-SV40LTms-loxP,G244NfsTer390,False,False,7F/7R,3F/7R,3F,7R,TAACTCGG,CGACCTCC,7F,7R,GGCTCTGACTGTACCACCATCCACTACAACTACATGTGTAACAGTTCCTGCATGGGCGGCATGAACCGGAGGCCCATCCTCACCATCATCACACTGGAAGACTCCAGGTCAGGAGCCACTTGCCAC,GTGGCAAGTGGCTCCTGACCTGGAGTCTTCCAGTGTGATGATGGTGAGGATGGGCCTCCGGTTCATGCCGCCCATGCAGGAACTGTTACACATGTAGTTGTAGTGGATGGTGGTACAGTCAGAGCC,GGCTCTGACTGTACCACCATCCACTACAACTACATGTGTAACAGTTCCTGCATGAACCGGAGGCCCATCCTCACCATCATCACACTGGAAGACTCCAGGTCAGGAGCCACTTGCCAC,GTGGCAAGTGGCTCCTGACCTGGAGTCTTCCAGTGTGATGATGGTGAGGATGGGCCTCCGGTTCATGCAGGAACTGTTACACATGTAGTTGTAGTGGATGGTGGTACAGTCAGAGCC,4-122,4-113,TGTAACAGTTCCTGCATGGG,peg_26576,15.76499388004896,51.43481427530954,58.14729350273847,60.79594292590682,59.729336437718274,70.8047447377602,66.43447813454519
53,D23-11201,2139898,2115263,1566683,215972,331842,65840,253276,12726,10.210172446641387,E62E,D23-11201,hTP53-loxp-SV40LTmS-loxp-PEmax-E62E,28,hTP53-loxp-SV40LTms-loxP,E62E,False,False,4BF/4BR,3F/8R,3F,8R,TAACTCGG,GCCACTGG,4BF,4BR,CTGCTCTTTTCACCCATCTACAGTCCCCCTTGCCGTCCCAAGCAATGGATGATTTGATGCTGTCCCCGGACGATATTGAACAATGGTTCACTGAAGACCCAGGTCCAGATGAAGCTCCCAGAATGCCAGAGGCTGCT,AGCAGCCTCTGGCATTCTGGGAGCTTCATCTGGACCTGGGTCTTCAGTGAACCATTGTTCAATATCGTCCGGGGACAGCATCAAATCATCCATTGCTTGGGACGGCAAGGGGGACTGTAGATGGGTGAAAAGAGCAG,CTGCTCTTTTCACCCATCTACAGTCCCCCTTGCCGTCCCAAGCAATGGATGATTTGATGCTGTCCCCGGACGATATTGAACAATGGTTCACTGAAGACCCAGGTCCAGATGAGGCTCCCAGAATGCCAGAGGCTGCT,AGCAGCCTCTGGCATTCTGGGAGCCTCATCTGGACCTGGGTCTTCAGTGAACCATTGTTCAATATCGTCCGGGGACAGCATCAAATCATCCATTGCTTGGGACGGCAAGGGGGACTGTAGATGGGTGAAAAGAGCAG,4-133,4-133,CAATGGTTCACTGAAGACCC,peg_26951,0.0,14.957264957264956,13.829787234042554,21.993127147766323,21.714285714285715,32.804232804232804,23.963133640553
54,D23-11202,2015839,2014072,1078616,618354,315508,28452,281297,5759,30.70168295870257,E258E,D23-11202,hTP53-loxp-SV40LTmS-loxp-PEmax-E258E,29,hTP53-loxp-SV40LTms-loxP,E258E,False,False,7F/7R,3F/9R,3F,9R,TAACTCGG,GCGTAGTT,7F,7R,GGCTCTGACTGTACCACCATCCACTACAACTACATGTGTAACAGTTCCTGCATGGGCGGCATGAACCGGAGGCCCATCCTCACCATCATCACACTGGAAGACTCCAGGTCAGGAGCCACTTGCCAC,GTGGCAAGTGGCTCCTGACCTGGAGTCTTCCAGTGTGATGATGGTGAGGATGGGCCTCCGGTTCATGCCGCCCATGCAGGAACTGTTACACATGTAGTTGTAGTGGATGGTGGTACAGTCAGAGCC,GGCTCTGACTGTACCACCATCCACTACAACTACATGTGTAACAGTTCCTGCATGGGCGGCATGAACCGGAGGCCCATCCTCACCATCATCACACTGGAGGACTCCAGGTCAGGAGCCACTTGCCAC,GTGGCAAGTGGCTCCTGACCTGGAGTCCTCCAGTGTGATGATGGTGAGGATGGGCCTCCGGTTCATGCCGCCCATGCAGGAACTGTTACACATGTAGTTGTAGTGGATGGTGGTACAGTCAGAGCC,4-122,4-122,CATCCTCACCATCATCACAC,peg_27888,7.932968929804373,28.54600066748248,32.01784308580425,35.19015659955257,34.897456168906665,36.51020116992439,30.94506082074589
55,D23-11203,1219053,1203379,971110,8077,223967,13742,207126,3099,0.6711933646839441,R175H,D23-11203,A549-PEmax-R175H,1,A549,R175H,False,False,5AF/5AR,3F/10R,3F,10R,TAACTCGG,CGCAAGTT,5AF,5AR,GCAGCTGTGGGTTGATTCCACACCCCCGCCCGGCACCCGCGTCCGCGCCATGGCCATCTACAAGCAGTCACAGCACATGACGGAGGTTGTGAGGCGCTGCCCCCACCATGAGCGCTGCTCAGATAGCGATGGTGAGCAGCT,AGCTGCTCACCATCGCTATCTGAGCAGCGCTCATGGTGGGGGCAGCGCCTCACAACCTCCGTCATGTGCTGTGACTGCTTGTAGATGGCCATGGCGCGGACGCGGGTGCCGGGCGGGGGTGTGGAATCAACCCACAGCTGC,GCAGCTGTGGGTTGATTCCACACCCCCGCCCGGCACCCGCGTCCGCGCCATGGCCATCTACAAGCAGTCACAGCACATGACGGAGGTTGTGAGGCACTGCCCCCACCATGAGCGCTGCTCAGATAGCGATGGTGAGCAGCT,AGCTGCTCACCATCGCTATCTGAGCAGCGCTCATGGTGGGGGCAGTGCCTCACAACCTCCGTCATGTGCTGTGACTGCTTGTAGATGGCCATGGCGCGGACGCGGGTGCCGGGCGGGGGTGTGGAATCAACCCACAGCTGC,4-137,4-137,AGCACATGACGGAGGTTGTG,peg_2,1.066499372647428,1.11731843575419,11.590145576707728,2.667269439421338,14.489795918367347,3.225806451612903,18.487972508591064
56,D23-11204,3325967,3296144,2015524,526831,680855,303217,299295,78343,15.983251945303362,R248Q,D23-11204,A549-PEmax-R248Q,2,A549,R248Q,False,False,7F/7R,3F/11R,3F,11R,TAACTCGG,CGACAGTT,7F,7R,GGCTCTGACTGTACCACCATCCACTACAACTACATGTGTAACAGTTCCTGCATGGGCGGCATGAACCGGAGGCCCATCCTCACCATCATCACACTGGAAGACTCCAGGTCAGGAGCCACTTGCCAC,GTGGCAAGTGGCTCCTGACCTGGAGTCTTCCAGTGTGATGATGGTGAGGATGGGCCTCCGGTTCATGCCGCCCATGCAGGAACTGTTACACATGTAGTTGTAGTGGATGGTGGTACAGTCAGAGCC,GGCTCTGACTGTACCACCATCCACTACAACTACATGTGTAACAGTTCCTGCATGGGCGGCATGAACCAGAGGCCCATCCTCACCATCATCACACTGGAAGACTCCAGGTCAGGAGCCACTTGCCAC,GTGGCAAGTGGCTCCTGACCTGGAGTCTTCCAGTGTGATGATGGTGAGGATGGGCCTCTGGTTCATGCCGCCCATGCAGGAACTGTTACACATGTAGTTGTAGTGGATGGTGGTACAGTCAGAGCC,4-122,4-122,GCATGGGCGGCATGAACCGG,peg_31,9.375,16.201117318435752,12.549537648612946,27.3224043715847,12.861736334405144,34.54545454545455,9.533678756476684
57,D23-11205,2865548,2789853,462626,1301262,881589,509614,250238,121737,46.6426725709204,R248Q,D23-11205,A549-PEmax-R248Q+,2,A549,R248Q,True,False,7F/7R,3F/12R,3F,12R,TAACTCGG,TAGTAGCC,7F,7R,GGCTCTGACTGTACCACCATCCACTACAACTACATGTGTAACAGTTCCTGCATGGGCGGCATGAACCGGAGGCCCATCCTCACCATCATCACACTGGAAGACTCCAGGTCAGGAGCCACTTGCCAC,GTGGCAAGTGGCTCCTGACCTGGAGTCTTCCAGTGTGATGATGGTGAGGATGGGCCTCCGGTTCATGCCGCCCATGCAGGAACTGTTACACATGTAGTTGTAGTGGATGGTGGTACAGTCAGAGCC,GGCTCTGACTGTACCACCATCCACTACAACTACATGTGTAACAGTTCCTGCATGGGCGGCATGAACCAGAGGCCCATCCTCACCATCATCACACTGGAAGACTCCAGGTCAGGAGCCACTTGCCAC,GTGGCAAGTGGCTCCTGACCTGGAGTCTTCCAGTGTGATGATGGTGAGGATGGGCCTCTGGTTCATGCCGCCCATGCAGGAACTGTTACACATGTAGTTGTAGTGGATGGTGGTACAGTCAGAGCC,4-122,4-122,GCATGGGCGGCATGAACCGG,peg_31,9.375,16.201117318435752,12.549537648612946,27.3224043715847,12.861736334405144,34.54545454545455,9.533678756476684
58,D23-11206,1395535,1383826,1235839,1317,140525,28730,108740,3055,0.09517092466827477,R273C,D23-11206,A549-PEmax-R273C,3,A549,R273C,False,False,8F/8R,3F/13R,3F,13R,TAACTCGG,CGTGTCAA,8F,8R,GGACGGAACAGCTTTGAGGTGCGTGTTTGTGCCTGTCCTGGGAGAGACCGGCGCACAGAGGAAGAGAATCTCCGCAAGAAAGGGGAGCCTCACCACGAGCTGCCCCCAGGGAGCACTAAGCGAGGTAAGCA,TGCTTACCTCGCTTAGTGCTCCCTGGGGGCAGCTCGTGGTGAGGCTCCCCTTTCTTGCGGAGATTCTCTTCCTCTGTGCGCCGGTCTCTCCCAGGACAGGCACAAACACGCACCTCAAAGCTGTTCCGTCC,GGACGGAACAGCTTTGAGGTGTGTGTTTGTGCCTGTCCTGGGAGAGACCGGCGCACAGAGGAAGAGAATCTCCGCAAGAAAGGGGAGCCTCACCACGAGCTGCCCCCAGGGAGCACTAAGCGAGGTAAGCA,TGCTTACCTCGCTTAGTGCTCCCTGGGGGCAGCTCGTGGTGAGGCTCCCCTTTCTTGCGGAGATTCTCTTCCTCTGTGCGCCGGTCTCTCCCAGGACAGGCACAAACACACACCTCAAAGCTGTTCCGTCC,4-127,4-127,ACTGGGACGGAACAGCTTTG,peg_55,0.1941747572815534,0.2679169457468185,18.594104308390023,0.0,36.134453781512605,0.069492703266157,33.59580052493438
59,D23-11207,2556739,2541221,1517504,655261,359857,66359,279023,14475,25.785281956980523,R248W,D23-11207,A549-PEmax-R248W,4,A549,R248W,False,False,7F/7R,3F/14R,3F,14R,TAACTCGG,GCGTTCTT,7F,7R,GGCTCTGACTGTACCACCATCCACTACAACTACATGTGTAACAGTTCCTGCATGGGCGGCATGAACCGGAGGCCCATCCTCACCATCATCACACTGGAAGACTCCAGGTCAGGAGCCACTTGCCAC,GTGGCAAGTGGCTCCTGACCTGGAGTCTTCCAGTGTGATGATGGTGAGGATGGGCCTCCGGTTCATGCCGCCCATGCAGGAACTGTTACACATGTAGTTGTAGTGGATGGTGGTACAGTCAGAGCC,GGCTCTGACTGTACCACCATCCACTACAACTACATGTGTAACAGTTCCTGCATGGGCGGCATGAACTGGAGGCCCATCCTCACCATCATCACACTGGAAGACTCCAGGTCAGGAGCCACTTGCCAC,GTGGCAAGTGGCTCCTGACCTGGAGTCTTCCAGTGTGATGATGGTGAGGATGGGCCTCCAGTTCATGCCGCCCATGCAGGAACTGTTACACATGTAGTTGTAGTGGATGGTGGTACAGTCAGAGCC,4-122,4-122,GCATGGGCGGCATGAACCGG,peg_138,4.40251572327044,29.893238434163703,16.771998055420514,36.881188118811885,14.926558157999208,29.91150442477876,19.43634596695821
60,D23-11208,1934294,1923297,225901,1345719,339323,87919,223957,27447,69.96938070407222,R248W,D23-11208,A549-PEmax-R248W+,4,A549,R248W,True,False,7F/7R,3F/15R,3F,15R,TAACTCGG,GCCAAGCC,7F,7R,GGCTCTGACTGTACCACCATCCACTACAACTACATGTGTAACAGTTCCTGCATGGGCGGCATGAACCGGAGGCCCATCCTCACCATCATCACACTGGAAGACTCCAGGTCAGGAGCCACTTGCCAC,GTGGCAAGTGGCTCCTGACCTGGAGTCTTCCAGTGTGATGATGGTGAGGATGGGCCTCCGGTTCATGCCGCCCATGCAGGAACTGTTACACATGTAGTTGTAGTGGATGGTGGTACAGTCAGAGCC,GGCTCTGACTGTACCACCATCCACTACAACTACATGTGTAACAGTTCCTGCATGGGCGGCATGAACTGGAGGCCCATCCTCACCATCATCACACTGGAAGACTCCAGGTCAGGAGCCACTTGCCAC,GTGGCAAGTGGCTCCTGACCTGGAGTCTTCCAGTGTGATGATGGTGAGGATGGGCCTCCAGTTCATGCCGCCCATGCAGGAACTGTTACACATGTAGTTGTAGTGGATGGTGGTACAGTCAGAGCC,4-122,4-122,GCATGGGCGGCATGAACCGG,peg_138,4.40251572327044,29.893238434163703,16.771998055420514,36.881188118811885,14.926558157999208,29.91150442477876,19.43634596695821
61,D23-11209,1892898,1806084,1311850,280967,211496,21458,186302,3736,15.556696144808328,G245S,D23-11209,A549-PEmax-G245S,6,A549,G245S,False,False,7F/7R,3F/16R,3F,16R,TAACTCGG,GCACCTCC,7F,7R,GGCTCTGACTGTACCACCATCCACTACAACTACATGTGTAACAGTTCCTGCATGGGCGGCATGAACCGGAGGCCCATCCTCACCATCATCACACTGGAAGACTCCAGGTCAGGAGCCACTTGCCAC,GTGGCAAGTGGCTCCTGACCTGGAGTCTTCCAGTGTGATGATGGTGAGGATGGGCCTCCGGTTCATGCCGCCCATGCAGGAACTGTTACACATGTAGTTGTAGTGGATGGTGGTACAGTCAGAGCC,GGCTCTGACTGTACCACCATCCACTACAACTACATGTGTAACAGTTCCTGCATGGGCAGCATGAACCGGAGGCCCATCCTCACCATCATCACACTGGAAGACTCCAGGTCAGGAGCCACTTGCCAC,GTGGCAAGTGGCTCCTGACCTGGAGTCTTCCAGTGTGATGATGGTGAGGATGGGCCTCCGGTTCATGCTGCCCATGCAGGAACTGTTACACATGTAGTTGTAGTGGATGGTGGTACAGTCAGAGCC,4-122,4-122,TGTAACAGTTCCTGCATGGG,peg_218,1.1424017003188098,9.410511363636363,13.608119304059652,15.6957149735195,17.463524130190798,18.34730538922156,19.591721009356394
62,D23-11210,1841673,1834923,1516909,74752,240214,46227,185944,8043,4.073849420384398,E285K,D23-11210,A549-PEmax-E285K,7,A549,E285K,False,False,8F/8R,4F/1R,4F,1R,TAACAGTT,ATCAGATT,8F,8R,GGACGGAACAGCTTTGAGGTGCGTGTTTGTGCCTGTCCTGGGAGAGACCGGCGCACAGAGGAAGAGAATCTCCGCAAGAAAGGGGAGCCTCACCACGAGCTGCCCCCAGGGAGCACTAAGCGAGGTAAGCA,TGCTTACCTCGCTTAGTGCTCCCTGGGGGCAGCTCGTGGTGAGGCTCCCCTTTCTTGCGGAGATTCTCTTCCTCTGTGCGCCGGTCTCTCCCAGGACAGGCACAAACACGCACCTCAAAGCTGTTCCGTCC,GGACGGAACAGCTTTGAGGTGCGTGTTTGTGCCTGTCCTGGGAGAGACCGGCGCACAAAGGAAGAGAATCTCCGCAAGAAAGGGGAGCCTCACCACGAGCTGCCCCCAGGGAGCACTAAGCGAGGTAAGCA,TGCTTACCTCGCTTAGTGCTCCCTGGGGGCAGCTCGTGGTGAGGCTCCCCTTTCTTGCGGAGATTCTCTTCCTTTGTGCGCCGGTCTCTCCCAGGACAGGCACAAACACGCACCTCAAAGCTGTTCCGTCC,4-127,4-127,TGGGAGAGACCGGCGCACAG,peg_311,25.0,10.81081081081081,0.0,12.195121951219512,25.0,14.285714285714286,0.0
63,D23-11211,1404854,1400187,703222,412357,280633,24470,247261,8902,29.450137731602993,H179R,D23-11211,A549-PEmax-H179R,8,A549,H179R,False,False,5AF/5AR,4F/2R,4F,2R,TAACAGTT,TAGTGATT,5AF,5AR,GCAGCTGTGGGTTGATTCCACACCCCCGCCCGGCACCCGCGTCCGCGCCATGGCCATCTACAAGCAGTCACAGCACATGACGGAGGTTGTGAGGCGCTGCCCCCACCATGAGCGCTGCTCAGATAGCGATGGTGAGCAGCT,AGCTGCTCACCATCGCTATCTGAGCAGCGCTCATGGTGGGGGCAGCGCCTCACAACCTCCGTCATGTGCTGTGACTGCTTGTAGATGGCCATGGCGCGGACGCGGGTGCCGGGCGGGGGTGTGGAATCAACCCACAGCTGC,GCAGCTGTGGGTTGATTCCACACCCCCGCCCGGCACCCGCGTCCGCGCCATGGCCATCTACAAGCAGTCACAGCACATGACGGAGGTTGTGAGGCGCTGCCCCCACCGTGAGCGCTGCTCAGATAGCGATGGTGAGCAGCT,AGCTGCTCACCATCGCTATCTGAGCAGCGCTCACGGTGGGGGCAGCGCCTCACAACCTCCGTCATGTGCTGTGACTGCTTGTAGATGGCCATGGCGCGGACGCGGGTGCCGGGCGGGGGTGTGGAATCAACCCACAGCTGC,4-137,4-137,AGCACATGACGGAGGTTGTG,peg_465,11.104294478527608,41.61524749760044,50.59288537549407,54.1656942823804,69.00749063670412,62.26228209191759,78.64160615121743
64,D23-11212,1285175,1282128,19251,922193,333568,56750,257409,19409,71.9267499032858,H179R,D23-11212,A549-PEmax-H179R+,8,A549,H179R,True,False,5AF/5AR,4F/3R,4F,3R,TAACAGTT,CGGTTCGG,5AF,5AR,GCAGCTGTGGGTTGATTCCACACCCCCGCCCGGCACCCGCGTCCGCGCCATGGCCATCTACAAGCAGTCACAGCACATGACGGAGGTTGTGAGGCGCTGCCCCCACCATGAGCGCTGCTCAGATAGCGATGGTGAGCAGCT,AGCTGCTCACCATCGCTATCTGAGCAGCGCTCATGGTGGGGGCAGCGCCTCACAACCTCCGTCATGTGCTGTGACTGCTTGTAGATGGCCATGGCGCGGACGCGGGTGCCGGGCGGGGGTGTGGAATCAACCCACAGCTGC,GCAGCTGTGGGTTGATTCCACACCCCCGCCCGGCACCCGCGTCCGCGCCATGGCCATCTACAAGCAGTCACAGCACATGACGGAGGTTGTGAGGCGCTGCCCCCACCGTGAGCGCTGCTCAGATAGCGATGGTGAGCAGCT,AGCTGCTCACCATCGCTATCTGAGCAGCGCTCACGGTGGGGGCAGCGCCTCACAACCTCCGTCATGTGCTGTGACTGCTTGTAGATGGCCATGGCGCGGACGCGGGTGCCGGGCGGGGGTGTGGAATCAACCCACAGCTGC,4-137,4-137,AGCACATGACGGAGGTTGTG,peg_465,11.104294478527608,41.61524749760044,50.59288537549407,54.1656942823804,69.00749063670412,62.26228209191759,78.64160615121743
65,D23-11213,1565766,1559481,1407566,626,150746,31293,116568,2885,0.04014155991640809,C135Y,D23-11213,A549-PEmax-C135Y,10,A549,C135Y,False,False,5BF/5BR,4F/5R,4F,5R,TAACAGTT,GCCAAGTT,5BF,5BR,GTGCCCTGACTTTCAACTCTGTCTCCTTCCTCTTCCTACAGTACTCCCCTGCCCTCAACAAGATGTTTTGCCAACTGGCCAAGACCTGCCCTGTGCAGCTGTGGGTTGATTCCACA,TGTGGAATCAACCCACAGCTGCACAGGGCAGGTCTTGGCCAGTTGGCAAAACATCTTGTTGAGGGCAGGGGAGTACTGTAGGAAGAGGAAGGAGACAGAGTTGAAAGTCAGGGCAC,GTGCCCTGACTTTCAACTCTGTCTCCTTCCTCTTCCTACAGTACTCCCCTGCCCTCAACAAGATGTTTTACCAACTGGCCAAGACCTGCCCTGTGCAGCTGTGGGTTGATTCCACA,TGTGGAATCAACCCACAGCTGCACAGGGCAGGTCTTGGCCAGTTGGTAAAACATCTTGTTGAGGGCAGGGGAGTACTGTAGGAAGAGGAAGGAGACAGAGTTGAAAGTCAGGGCAC,4-112,4-112,CAGGGCAGGTCTTGGCCAGT,peg_885,0.0,0.0535618639528655,0.0,0.3498385360602798,0.0,0.402067777139575,0.6455083378160301
66,D23-11214,2243683,2228427,1439338,443933,331143,78743,230104,22296,19.92136157029151,R248L,D23-11214,A549-PEmax-R248L,11,A549,R248L,False,False,7F/7R,4F/6R,4F,6R,TAACAGTT,CGCAGACC,7F,7R,GGCTCTGACTGTACCACCATCCACTACAACTACATGTGTAACAGTTCCTGCATGGGCGGCATGAACCGGAGGCCCATCCTCACCATCATCACACTGGAAGACTCCAGGTCAGGAGCCACTTGCCAC,GTGGCAAGTGGCTCCTGACCTGGAGTCTTCCAGTGTGATGATGGTGAGGATGGGCCTCCGGTTCATGCCGCCCATGCAGGAACTGTTACACATGTAGTTGTAGTGGATGGTGGTACAGTCAGAGCC,GGCTCTGACTGTACCACCATCCACTACAACTACATGTGTAACAGTTCCTGCATGGGCGGCATGAACCTGAGGCCCATCCTCACCATCATCACACTGGAAGACTCCAGGTCAGGAGCCACTTGCCAC,GTGGCAAGTGGCTCCTGACCTGGAGTCTTCCAGTGTGATGATGGTGAGGATGGGCCTCAGGTTCATGCCGCCCATGCAGGAACTGTTACACATGTAGTTGTAGTGGATGGTGGTACAGTCAGAGCC,4-122,4-122,GCATGGGCGGCATGAACCGG,peg_1864,7.936507936507937,18.27956989247312,13.259668508287293,27.96833773087071,14.385150812064966,23.822714681440445,12.45886224729666
67,D23-11215,2063988,2056768,1818714,85395,152402,21158,129371,1873,4.151902402215515,Y327Ter,D23-11215,A549-PEmax-Y327Ter,15,A549,Y327Ter,False,False,9F/9R,4F/7R,4F,7R,TAACAGTT,CGACCTCC,9F,9R,TCCTTGCCTCTTTCCTAGCACTGCCCAACAACACCAGCTCCTCTCCCCAGCCAAAGAAGAAACCACTGGATGGAGAATATTTCACCCTTCAGGTACTAAGTCTTGGGACCTCTTATCAAGTGGAAAGTTT,AAACTTTCCACTTGATAAGAGGTCCCAAGACTTAGTACCTGAAGGGTGAAATATTCTCCATCCAGTGGTTTCTTCTTTGGCTGGGGAGAGGAGCTGGTGTTGTTGGGCAGTGCTAGGAAAGAGGCAAGGA,TCCTTGCCTCTTTCCTAGCACTGCCCAACAACACCAGCTCCTCTCCCCAGCCAAAGAAGAAACCACTGGATGGAGAATAGTTCACCCTTCAGGTACTAAGTCTTGGGACCTCTTATCAAGTGGAAAGTTT,AAACTTTCCACTTGATAAGAGGTCCCAAGACTTAGTACCTGAAGGGTGAACTATTCTCCATCCAGTGGTTTCTTCTTTGGCTGGGGAGAGGAGCTGGTGTTGTTGGGCAGTGCTAGGAAAGAGGCAAGGA,4-126,4-126,CCAAAGAAGAAACCACTGGA,peg_7449,0.0,13.333333333333334,7.6923076923076925,19.26605504587156,40.0,20.338983050847457,20.0
68,D23-11216,2297062,2287077,1305375,480897,496212,54203,426522,15487,21.026707889590075,T170M,D23-11216,A549-PEmax-T170M,17,A549,T170M,False,False,5AF/5AR,4F/8R,4F,8R,TAACAGTT,GCCACTGG,5AF,5AR,GCAGCTGTGGGTTGATTCCACACCCCCGCCCGGCACCCGCGTCCGCGCCATGGCCATCTACAAGCAGTCACAGCACATGACGGAGGTTGTGAGGCGCTGCCCCCACCATGAGCGCTGCTCAGATAGCGATGGTGAGCAGCT,AGCTGCTCACCATCGCTATCTGAGCAGCGCTCATGGTGGGGGCAGCGCCTCACAACCTCCGTCATGTGCTGTGACTGCTTGTAGATGGCCATGGCGCGGACGCGGGTGCCGGGCGGGGGTGTGGAATCAACCCACAGCTGC,GCAGCTGTGGGTTGATTCCACACCCCCGCCCGGCACCCGCGTCCGCGCCATGGCCATCTACAAGCAGTCACAGCACATGATGGAGGTTGTGAGGCGCTGCCCCCACCATGAGCGCTGCTCAGATAGCGATGGTGAGCAGCT,AGCTGCTCACCATCGCTATCTGAGCAGCGCTCATGGTGGGGGCAGCGCCTCACAACCTCCATCATGTGCTGTGACTGCTTGTAGATGGCCATGGCGCGGACGCGGGTGCCGGGCGGGGGTGTGGAATCAACCCACAGCTGC,4-137,4-137,GCAGTCACAGCACATGACGG,peg_9611,38.73403019744483,70.40485829959515,77.10216025475515,79.58261331915459,78.77306646613062,80.46486987616714,81.9213942220776
69,D23-11217,1617622,1609606,266599,1071196,247745,79075,154208,14462,66.55019924130502,N345S,D23-11217,A549-PEmax-N345S,20,A549,N345S,False,False,10F/10R,4F/9R,4F,9R,TAACAGTT,GCGTAGTT,10F,10R,CCCTCCTCTGTTGCTGCAGATCCGTGGGCGTGAGCGCTTCGAGATGTTCCGAGAGCTGAATGAGGCCTTGGAACTCAAGGATGCCCAGGCTGGGAAGGAGCCAGGGGGGAGCAGGGCTCACTCCAGGT,ACCTGGAGTGAGCCCTGCTCCCCCCTGGCTCCTTCCCAGCCTGGGCATCCTTGAGTTCCAAGGCCTCATTCAGCTCTCGGAACATCTCGAAGCGCTCACGCCCACGGATCTGCAGCAACAGAGGAGGG,CCCTCCTCTGTTGCTGCAGATCCGTGGGCGTGAGCGCTTCGAGATGTTCCGAGAGCTGAGTGAGGCCTTGGAACTCAAGGATGCCCAGGCTGGGAAGGAGCCAGGGGGGAGCAGGGCTCACTCCAGGT,ACCTGGAGTGAGCCCTGCTCCCCCCTGGCTCCTTCCCAGCCTGGGCATCCTTGAGTTCCAAGGCCTCACTCAGCTCTCGGAACATCTCGAAGCGCTCACGCCCACGGATCTGCAGCAACAGAGGAGGG,4-124,4-124,GATGTTCCGAGAGCTGAATG,peg_14531,35.3757225433526,77.64889766370517,80.2490234375,79.1472613971794,84.8559670781893,81.66979802724283,86.83114880493446
71,D23-11219,1757078,1739160,825868,595521,310612,79140,175589,55883,34.2418753881184,M40V,D23-11219,A549-PEmax-M40V,21,A549,M40V,False,False,4BF/4BR,4F/11R,4F,11R,TAACAGTT,CGACAGTT,4BF,4BR,CTGCTCTTTTCACCCATCTACAGTCCCCCTTGCCGTCCCAAGCAATGGATGATTTGATGCTGTCCCCGGACGATATTGAACAATGGTTCACTGAAGACCCAGGTCCAGATGAAGCTCCCAGAATGCCAGAGGCTGCT,AGCAGCCTCTGGCATTCTGGGAGCTTCATCTGGACCTGGGTCTTCAGTGAACCATTGTTCAATATCGTCCGGGGACAGCATCAAATCATCCATTGCTTGGGACGGCAAGGGGGACTGTAGATGGGTGAAAAGAGCAG,CTGCTCTTTTCACCCATCTACAGTCCCCCTTGCCGTCCCAAGCAGTGGATGATTTGATGCTGTCCCCGGACGATATTGAACAATGGTTCACTGAAGACCCAGGTCCAGATGAAGCTCCCAGAATGCCAGAGGCTGCT,AGCAGCCTCTGGCATTCTGGGAGCTTCATCTGGACCTGGGTCTTCAGTGAACCATTGTTCAATATCGTCCGGGGACAGCATCAAATCATCCACTGCTTGGGACGGCAAGGGGGACTGTAGATGGGTGAAAAGAGCAG,4-133,4-133,CCCCTTGCCGTCCCAAGCAA,peg_16602,8.653846153846153,36.93693693693694,36.492890995260666,44.11764705882353,51.282051282051285,44.73684210526316,52.94117647058823
73,D23-11221,2817734,2811840,1879620,668954,262158,56146,200355,5657,23.790613975190624,P322HfsTer15,D23-11221,A549-PEmax-P322HfsTer15,24,A549,P322HfsTer15,False,False,9F/9R,4F/13R,4F,13R,TAACAGTT,CGTGTCAA,9F,9R,TCCTTGCCTCTTTCCTAGCACTGCCCAACAACACCAGCTCCTCTCCCCAGCCAAAGAAGAAACCACTGGATGGAGAATATTTCACCCTTCAGGTACTAAGTCTTGGGACCTCTTATCAAGTGGAAAGTTT,AAACTTTCCACTTGATAAGAGGTCCCAAGACTTAGTACCTGAAGGGTGAAATATTCTCCATCCAGTGGTTTCTTCTTTGGCTGGGGAGAGGAGCTGGTGTTGTTGGGCAGTGCTAGGAAAGAGGCAAGGA,TCCTTGCCTCTTTCCTAGCACTGCCCAACAACACCAGCTCCTCTCCCCAGCCAAAGAAGAAACACACTGGATGGAGAATATTTCACCCTTCAGGTACTAAGTCTTGGGACCTCTTATCAAGTGGAAAGTTT,AAACTTTCCACTTGATAAGAGGTCCCAAGACTTAGTACCTGAAGGGTGAAATATTCTCCATCCAGTGTGTTTCTTCTTTGGCTGGGGAGAGGAGCTGGTGTTGTTGGGCAGTGCTAGGAAAGAGGCAAGGA,4-126,4-127,GTGAAATATTCTCCATCCAG,peg_21875,0.0,4.310344827586207,12.424242424242424,10.391822827938672,16.666666666666668,9.15032679738562,14.62264150943396
74,D23-11222,946808,938092,38,3,937941,14,890619,47308,0.00031979805818619066,S106RfsTer16,D23-11222,A549-PEmax-S106RfsTer16,26,A549,S106RfsTer16,False,False,4AF/4AR,4F/14R,4F,14R,TAACAGTT,GCGTTCTT,4AF,4AR,CAGAATGCCAGAGGCTGCTCCCCCCGTGGCCCCTGCACCAGCAGCTCCTACACCGGCGGCCCCTGCACCAGCCCCCTCCTGGCCCCTGTCATCTTCTGTCCCTTCCCAGAAAACCTACCAGGGCAGCTACGGTTTCCGTCTGGGCTTCTTG,CAAGAAGCCCAGACGGAAACCGTAGCTGCCCTGGTAGGTTTTCTGGGAAGGGACAGAAGATGACAGGGGCCAGGAGGGGGCTGGTGCAGGGGCCGCCGGTGTAGGAGCTGCTGGTGCAGGGGCCACGGGGGGAGCAGCCTCTGGCATTCTG,CAGAATGCCAGAGGCTGCTCCCCCCGTGGCCCCTGCACCAGCAGCTCCTACACCGGCGGCCCCTGCACCAGCCCCCTCCTGGCCCCTGTCATCTTCTGTCCCTTCCCAGAAAACCTACCAGGGCAGGGTTTCCGTCTGGGCTTCTTG,CAAGAAGCCCAGACGGAAACCCTGCCCTGGTAGGTTTTCTGGGAAGGGACAGAAGATGACAGGGGCCAGGAGGGGGCTGGTGCAGGGGCCGCCGGTGTAGGAGCTGCTGGTGCAGGGGCCACGGGGGGAGCAGCCTCTGGCATTCTG,4-147,4-143,AAAACCTACCAGGGCAGCTA,peg_25828,0.0,8.13953488372093,0.4477611940298507,9.48012232415902,0.4285714285714285,11.282051282051285,0.6729475100942126
76,D23-11224,2254354,2230961,1317714,577860,331194,31154,292303,7737,25.901842300246397,E258E,D23-11224,A549-PEmax-E258E,29,A549,E258E,False,False,7F/7R,4F/16R,4F,16R,TAACAGTT,GCACCTCC,7F,7R,GGCTCTGACTGTACCACCATCCACTACAACTACATGTGTAACAGTTCCTGCATGGGCGGCATGAACCGGAGGCCCATCCTCACCATCATCACACTGGAAGACTCCAGGTCAGGAGCCACTTGCCAC,GTGGCAAGTGGCTCCTGACCTGGAGTCTTCCAGTGTGATGATGGTGAGGATGGGCCTCCGGTTCATGCCGCCCATGCAGGAACTGTTACACATGTAGTTGTAGTGGATGGTGGTACAGTCAGAGCC,GGCTCTGACTGTACCACCATCCACTACAACTACATGTGTAACAGTTCCTGCATGGGCGGCATGAACCGGAGGCCCATCCTCACCATCATCACACTGGAGGACTCCAGGTCAGGAGCCACTTGCCAC,GTGGCAAGTGGCTCCTGACCTGGAGTCCTCCAGTGTGATGATGGTGAGGATGGGCCTCCGGTTCATGCCGCCCATGCAGGAACTGTTACACATGTAGTTGTAGTGGATGGTGGTACAGTCAGAGCC,4-122,4-122,CATCCTCACCATCATCACAC,peg_27888,7.932968929804373,28.54600066748248,32.01784308580425,35.19015659955257,34.897456168906665,36.51020116992439,30.94506082074589
77,D23-11225,1753333,1748930,982729,516178,249964,28159,194782,27023,29.513931375183684,G244NfsTer390,D23-11225,A549-PEmax-G244NfsTer390,27,A549,G244NfsTer390,False,False,7F/7R,5F/1R,5F,1R,ATACTCAA,ATCAGATT,7F,7R,GGCTCTGACTGTACCACCATCCACTACAACTACATGTGTAACAGTTCCTGCATGGGCGGCATGAACCGGAGGCCCATCCTCACCATCATCACACTGGAAGACTCCAGGTCAGGAGCCACTTGCCAC,GTGGCAAGTGGCTCCTGACCTGGAGTCTTCCAGTGTGATGATGGTGAGGATGGGCCTCCGGTTCATGCCGCCCATGCAGGAACTGTTACACATGTAGTTGTAGTGGATGGTGGTACAGTCAGAGCC,GGCTCTGACTGTACCACCATCCACTACAACTACATGTGTAACAGTTCCTGCATGAACCGGAGGCCCATCCTCACCATCATCACACTGGAAGACTCCAGGTCAGGAGCCACTTGCCAC,GTGGCAAGTGGCTCCTGACCTGGAGTCTTCCAGTGTGATGATGGTGAGGATGGGCCTCCGGTTCATGCAGGAACTGTTACACATGTAGTTGTAGTGGATGGTGGTACAGTCAGAGCC,4-122,4-113,TGTAACAGTTCCTGCATGGG,peg_26576,15.76499388004896,51.43481427530954,58.14729350273847,60.79594292590682,59.729336437718274,70.8047447377602,66.43447813454519
78,D23-11226,2336435,2333138,1802286,230944,296132,34791,254651,6690,9.898428639883281,R248G,D23-11226,hTP53-loxp-SV40LTmS-loxp-PEmax-R248G,13,hTP53-loxp-SV40LTms-loxP,R248G,False,False,7F/7R,5F/2R,5F,2R,ATACTCAA,TAGTGATT,7F,7R,GGCTCTGACTGTACCACCATCCACTACAACTACATGTGTAACAGTTCCTGCATGGGCGGCATGAACCGGAGGCCCATCCTCACCATCATCACACTGGAAGACTCCAGGTCAGGAGCCACTTGCCAC,GTGGCAAGTGGCTCCTGACCTGGAGTCTTCCAGTGTGATGATGGTGAGGATGGGCCTCCGGTTCATGCCGCCCATGCAGGAACTGTTACACATGTAGTTGTAGTGGATGGTGGTACAGTCAGAGCC,GGCTCTGACTGTACCACCATCCACTACAACTACATGTGTAACAGTTCCTGCATGGGCGGCATGAACGGGAGGCCCATCCTCACCATCATCACACTGGAAGACTCCAGGTCAGGAGCCACTTGCCAC,GTGGCAAGTGGCTCCTGACCTGGAGTCTTCCAGTGTGATGATGGTGAGGATGGGCCTCCCGTTCATGCCGCCCATGCAGGAACTGTTACACATGTAGTTGTAGTGGATGGTGGTACAGTCAGAGCC,4-122,4-122,GCATGGGCGGCATGAACCGG,peg_4583,8.411214953271028,34.71223021582734,26.5625,55.27210884353742,28.06122448979592,54.65587044534413,26.964732018883645
