Well,cDNA Identity,Treatment,Replicate
A1,CONTROL,,
A2,CONTROL,,
A3,CONTROL,,
A4,CONTROL,,
A5,CONTROL,,
A6,CONTROL,,
A7,WT,Untreated,1
A8,WT,Untreated,2
A9,WT,Untreated,3
A10,WT,Treated,1
A11,WT,Treated,2
A12,WT,Treated,3
B1,F328L,Untreated,1
B2,F328L,Untreated,2
B3,F328L,Untreated,3
B4,F328L,Treated,1
B5,F328L,Treated,2
B6,F328L,Treated,3
B7,R110P,Untreated,1
B8,R110P,Untreated,2
B9,R110P,Untreated,3
B10,R110P,Treated,1
B11,R110P,Treated,2
B12,R110P,Treated,3
C1,R333P,Untreated,1
C2,R333P,Untreated,2
C3,R333P,Untreated,3
C4,R333P,Treated,1
C5,R333P,Treated,2
C6,R333P,Treated,3
C7,L145P,Untreated,1
C8,L145P,Untreated,2
C9,L145P,Untreated,3
C10,L145P,Treated,1
C11,L145P,Treated,2
C12,L145P,Treated,3
D1,N345S,Untreated,1
D2,N345S,Untreated,2
D3,N345S,Untreated,3
D4,N345S,Treated,1
D5,N345S,Treated,2
D6,N345S,Treated,3
D7,T170M,Untreated,1
D8,T170M,Untreated,2
D9,T170M,Untreated,3
D10,T170M,Treated,1
D11,T170M,Treated,2
D12,T170M,Treated,3
E1,A347P,Untreated,1
E2,A347P,Untreated,2
E3,A347P,Untreated,3
E4,A347P,Treated,1
E5,A347P,Treated,2
E6,A347P,Treated,3
E7,R174G,Untreated,1
E8,R174G,Untreated,2
E9,R174G,Untreated,3
E10,R174G,Treated,1
E11,R174G,Treated,2
E12,R174G,Treated,3
F1,R196P,Untreated,1
F2,R196P,Untreated,2
F3,R196P,Untreated,3
F4,R196P,Treated,1
F5,R196P,Treated,2
F6,R196P,Treated,3
F7,R267P,Untreated,1
F8,R267P,Untreated,2
F9,R267P,Untreated,3
F10,R267P,Treated,1
F11,R267P,Treated,2
F12,R267P,Treated,3
G1,E285Q,Untreated,1
G2,E285Q,Untreated,2
G3,E285Q,Untreated,3
G4,E285Q,Treated,1
G5,E285Q,Treated,2
G6,E285Q,Treated,3
G7,EV,Untreated,1
G8,EV,Untreated,2
G9,EV,Untreated,3
G10,EV,Treated,1
G11,EV,Treated,2
G12,EV,Treated,3
H1,,,
H2,,,
H3,,,
H4,,,
H5,,,
H6,,,
H7,,,
H8,,,
H9,,,
H10,,,
H11,,,
H12,,,